Num_Acc;jour;mois;an;hrmn;lum;dep;com;agg;int;atm;col;adr;lat;long
201900000457;14;6;2019;15:20;1;93;93007;2;3;1;3;PLISSON (AVENUE);48,9429200;2,4403600
201900000458;11;6;2019;16:05;1;93;93007;2;1;2;2;DE LA REPUBLIQUE (AVENUE);48,9350000;2,4750000
201900000459;5;6;2019;22:40;5;93;93007;2;1;3;1;"""REPUBLIQUE (AVENUE DE LA """"COTE PAIRS""""";48,9352100;2,4697900
201900000460;1;6;2019;11:00;1;93;93007;2;6;7;6;"""DESCARTES (AVENUE """"DU 43AU 180"""")Z2""";48,9500500;2,4661500
201900000461;19;6;2019;15:00;1;93;93005;2;1;1;2;EUROPE (CARREFOUR DE L');48,9512000;2,4854200
201900000462;18;6;2019;08:20;1;93;93005;2;3;7;6;QUATORZE JUILLET (AVENUE DU);48,9293160;2,4968460
201900000463;17;6;2019;17:30;1;93;93005;2;1;1;4;RAOUL DUFY (AVENUE);48,9606800;2,5012700
201900000464;17;6;2019;13:20;1;93;93005;2;1;7;6;PREFET CHALEIL (CD44) (RUE DU);48,9389975;2,5074082
201900000465;24;10;2019;17:30;2;13;13117;2;6;1;6;RHIN DANUBE ( AVENUE );43,4221450;5,2698040
201900000466;24;10;2019;18:30;2;13;13208;2;1;1;6;RAYMOND TEISSERE (RUE);43,2750900;5,3963800
201900000467;24;10;2019;20:30;5;13;13215;2;9;1;6;LITTORAL (CHEMIN DU);43,3402705;5,3480190
201900000468;24;10;2019;17:10;1;13;13002;2;3;1;3;SALVATORE ALLENDE (BOULEVARD);43,3526400;5,4820900
201900000469;24;10;2019;18:05;1;13;13209;2;1;1;2;MICHELET (BOULEVARD);43,2584700;5,3992800
201900000470;23;10;2019;21:00;5;13;13002;2;1;3;6;SALVATORE ALLENDE (BOULEVARD);43,3533860;5,4840460
201900000471;12;10;2019;20:10;3;13;13004;1;1;1;6;RTE N113 MARSEILLE A BORBEAUX;43,6726320;4,6219070
201900000472;24;10;2019;16:45;1;3;03185;2;3;1;1;avenue de la République;46,3457381;2,5976328
201900000473;24;10;2019;20:50;5;75;75117;2;4;1;3;BD PERIPHEDIQUE EXTERIEUR;48,8830744;2,2837066
201900000474;23;10;2019;04:50;5;75;75120;2;2;1;3;COURS DE VINCENNES;48,8470484;2,4110571
201900000475;23;10;2019;15:25;1;75;75120;2;2;1;6;RUE DE GUEBRIANT;48,8729280;2,4086480
201900000476;23;10;2019;12:30;1;75;75111;2;2;1;6;BOULEVARD DE CHARONNE;48,8565645;2,3944381
201900000477;24;10;2019;08:35;1;75;75119;2;1;1;2;ROUTE DES PETITS PONTS;48,8919220;2,3983400
201900000478;24;10;2019;08:30;1;75;75118;2;1;1;3;RUE MARX DORMOY;48,8881149;2,3598786
201900000479;24;10;2019;18:05;1;75;75117;2;3;1;3;BOULEVARD DU BOIS LE PRETRE;48,8989026;2,3223972
201900000480;24;10;2019;19:55;5;75;75115;2;2;1;6;RUE OLIVIER DE SERRES;48,8361386;2,2972210
201900000481;24;10;2019;16:00;1;75;75115;2;3;1;3;RUE DE VAUGIRARD;48,8362714;2,2943778
201900000482;24;10;2019;16:35;1;75;75113;2;1;1;3;AVENUE D ITALIE;48,8225998;2,3584040
201900000483;24;10;2019;20:10;5;75;75108;2;7;1;6;PLACE SAINT AUGUSTIN;48,8756728;2,3195863
201900000484;23;10;2019;07:30;2;75;75104;2;2;1;3;RUE MORNAY;48,8495100;2,3656300
201900000485;24;10;2019;19:15;5;75;75104;2;3;8;6;BOULEVARD BEAUMARCHAIS;48,8548110;2,3687331
201900000486;24;10;2019;07:30;2;94;94078;2;3;1;1;CHOISY (AV DE);48,7355784;2,4467332
201900000487;24;10;2019;02:50;5;94;94019;2;3;1;6;LIBERATION (RTE DE LA);48,8033900;2,5378300
201900000488;24;10;2019;13:15;1;93;93073;2;1;1;4;CHAPIT RE ( RUE DU);49,0029480;2,5368790
201900000489;24;10;2019;13:00;1;93;93070;2;1;1;3;MICHELET(AV):N°1AU 103;48,9077400;2,3442140
201900000490;23;10;2019;17:46;1;93;93070;2;9;2;2;MICHELET(AV):N°1AU 103;48,9117700;2,3441200
201900000491;21;10;2019;18:25;1;93;93066;2;9;1;6;RIMET JULES;48,9232900;2,3624800
201900000492;24;10;2019;12:15;1;93;93077;2;1;1;6;NEUILLY (RUE DE);48,8743000;2,5286600
201900000493;24;10;2019;19:05;5;93;93051;2;1;2;6;DOCTEUR SUREAU;48,8436200;2,5509700
201900000494;24;10;2019;17:00;1;93;93063;2;1;1;1;REPUBLIQUE RUE DE LA;48,8792000;2,4338000
201900000495;24;10;2019;22:15;5;93;93027;2;1;1;1;CACHIN (AVENUE MARCEL);48,9282800;2,3966200
201900000496;24;10;2019;17:10;1;93;93010;2;1;1;6;GALLIENI (AV.) CONFORAMA 53;48,9060500;2,4764080
201900000497;23;10;2019;17:09;1;92;92072;2;1;2;3;VILLE D'AVRAY (RUE DE );48,8258145;2,2055540
201900000498;24;10;2019;18:25;1;92;92064;2;1;1;6;DAILLY;48,8451000;2,2176000
201900000499;24;10;2019;09:30;1;92;92076;2;1;1;6;CAZES;48,8388800;2,1643300
201900000500;24;10;2019;19:25;5;92;92051;2;3;1;3;CHATEAU (RUE DU);48,8868600;2,2632700
201900000501;24;10;2019;20:00;5;92;92050;2;3;1;5;PICASSO PABLO AVENUE;48,8903000;2,2187200
201900000502;23;10;2019;19:20;5;92;92049;2;1;8;3;BRIAND AVENUE ARISTIDE AUTRES N°;48,8147990;2,3256940
201900000503;23;10;2019;15:00;1;92;92049;2;1;2;7;BROSSOLETTE AVENUE PIERRE;48,8118895;2,3006251
201900000504;7;7;2019;04:10;1;92;92044;2;4;1;6;TREZEL(RUE) 1A13 ET 2A10;48,8943606;2,2956479
201900000505;24;10;2019;15:20;1;92;92036;2;3;1;6;LAURENT CELY (AVENUE) (145/329);48,9244719;2,3044535
201900000506;21;10;2019;15:10;1;92;92036;2;6;1;3;PRINCIPALE DU PORT (ROUTE) (1/17);48,9397300;2,2867900
201900000507;24;10;2019;16:00;1;92;92026;2;9;1;1;MISSION MARCHAND (COTE PAIR);48,9013100;2,2399400
201900000508;24;10;2019;19:00;2;92;92012;2;1;1;6;VIEUX PONT DE SEVRES (RUE DU) 100/170 -;48,8313400;2,2418400
201900000509;25;10;2019;13:30;1;54;54364;1;1;1;3;D331;48,6005020;6,1163960
201900000510;24;10;2019;06:15;3;1;01333;1;1;1;3;D4;45,9260800;4,9658630
201900000511;18;10;2019;18:36;3;68;68020;1;4;3;4;D39;47,8173310;7,5333460
201900000512;25;10;2019;09:50;1;22;22389;1;1;2;4;Yffiniac;48,4820030; -2,6853060
201900000513;25;10;2019;16:40;1;50;50363;1;1;1;6;La Longue Rue -mesnil Opac;49,0208950; -1,1162420
201900000514;24;10;2019;19:10;4;30;30047;1;1;1;3;D135;43,8052760;4,4087150
201900000515;24;10;2019;15:40;1;57;57330;2;2;1;3;31 Rue de la Source;49,0163000;6,9552910
201900000516;25;10;2019;05:00;3;51;51588;1;1;1;1;RD 3;49,0716456;4,8202181
201900000517;24;10;2019;18:40;1;56;56193;1;4;1;1;4 Rue Pierre-marie Jaffré;47,7237062; -3,3220381
201900000518;24;10;2019;11:40;1;76;76318;1;2;1;3;905 Route de Grandcamp;49,5560600;0,6001730
201900000519;24;10;2019;21:35;3;32;32148;1;1;2;6;N124;43,6142470;0,9388830
201900000520;5;3;2019;17:40;1;11;11085;2;1;1;1;impasse du chateau d eau;43,1618460;2,3496110
201900000521;22;10;2019;12:40;1;71;71014;2;3;8;1;Rue de Planoise;46,9403110;4,3150250
201900000522;25;10;2019;08:00;5;61;61494;2;2;2;6;Rue Louis Guene;48,8431700;0,0335490
201900000523;25;10;2019;08:33;2;47;47021;2;1;5;1;53 Route des Martinets;44,1624850;0,2861600
201900000524;25;10;2019;14:25;1;39;39326;1;1;1;1;N/A;46,5929180;5,6759960
201900000525;24;10;2019;17:30;1;38;38463;2;3;1;3;Le Village;45,1745540;5,3328370
201900000526;11;10;2019;16:40;1;38;38039;2;1;1;1;685 Chemin du Vivier;45,2630800;5,8645680
201900000527;25;10;2019;09:00;1;3;03108;1;1;1;7;N/A;46,1847756;2,9451283
201900000528;24;10;2019;14:40;1;3;03082;2;2;1;3;rue Aujame;46,2949333;2,7353721
201900000529;24;10;2019;10:50;1;15;15253;1;1;1;6;D9;45,2147650;2,8750550
201900000530;25;10;2019;11:50;1;1;01093;1;3;1;1;1 Lotissement Domaine Berthaud;46,1073500;4,9627720
201900000531;24;10;2019;21:50;3;58;58273;1;1;1;7;rd 981 pr6+600;46,9631690;3,2363190
201900000532;25;10;2019;09:25;1;58;58095;2;1;7;6;2 Place du Champ de Foire;46,8302060;3,4620860
201900000533;24;10;2019;14:15;1;66;66124;2;4;1;6;1 Avenue d'Espagne;42,5042230;2,0390290
201900000534;22;10;2019;13:28;1;50;50376;2;3;1;7;la maladrie;49,0249890; -1,4196000
201900000535;25;10;2019;17:30;1;50;50297;1;1;1;6;La Germainerie;49,1840470; -1,0972350
201900000536;24;10;2019;19:23;3;60;60238;1;1;1;6;D1017;49,2489070;2,5866000
201900000537;21;10;2019;11:20;1;18;18118;1;1;8;2;Rue des Mares;47,0555840;2,9838790
201900000538;25;10;2019;17:25;1;4;04004;1;1;1;7;RD 111;43,7778290;6,0276900
201900000539;25;10;2019;17:00;1;4;04116;1;1;1;2;RD 4;44,0417260;6,0051590
201900000540;20;10;2019;08:00;2;27;27091;2;1;1;6;9 Cité du Beau Soleil;49,3599280;0,8514530
201900000541;25;10;2019;07:50;2;23;23093;1;1;1;6;D997;46,2123970;2,2386630
201900000542;25;10;2019;10:35;1;37;37218;1;1;8;7;Départementale 41 PK/ PR:12+500;46,9781637;1,0305948
201900000543;25;10;2019;07:30;3;24;24035;1;1;5;3;D53;44,7573980;0,9800920
201900000544;24;10;2019;16:00;1;30;30036;1;1;1;2;Route Nationale 113;43,7804619;4,2930618
201900000545;24;10;2019;14:15;1;35;35206;2;1;1;6;17 Rue Paul Valéry;48,0342650; -1,6633870
201900000546;28;11;2019;19:28;5;13;13211;2;1;1;1;PARETTE (PLACE DE LA);43,2949490;5,4233860
201900000547;28;11;2019;09:20;1;13;13209;2;1;1;6;JOSEPH AIGUIER (CHEMIN);43,2551800;5,4066300
201900000548;29;11;2019;07:20;2;13;13005;1;3;1;3;PALUDS (AVENUE DES);43,2894390;5,5980710
201900000549;28;11;2019;11:05;1;11;11262;2;1;1;6;FERROUL (BOULEVARD DU DOCTEUR);43,1803500;3,0044200
201900000550;29;11;2019;16:15;1;10;10325;1;1;8;4;ROCADE OUEST (RD 610);48,2610174;4,0945591
201900000551;29;11;2019;21:50;4;7;07316;1;1;2;6;LONES (PONT DES);44,9171900;4,8632700
201900000552;30;11;2019;00:05;5;6;06088;2;3;1;6;ANGLAIS (DU N° 45 AU N° 112);43,6937880;7,2565650
201900000553;29;11;2019;12:00;1;6;06088;2;1;1;2;CIMIEZ (BD) A PARTIR DU 16-17;43,7151970;7,2718620
201900000554;29;11;2019;01:25;5;5;05061;1;6;1;7;plaine de lachaup;44,5095876;6,0455006
201900000555;29;11;2019;19:40;5;3;03190;2;1;1;6;route de Clermont;46,5562249;3,3211499
201900000556;29;11;2019;17:00;1;75;75112;2;1;1;3;BD PERIPHERIQUE EXTERIEUR;48,8377373;2,4129528
201900000557;28;11;2019;09:20;1;75;75112;2;1;1;4;RUE DE DIJON;48,8356010;2,3859110
201900000558;29;11;2019;19:26;5;75;75105;2;2;1;6;BOULEVARD SAINT MARCEL;48,8384763;2,3570239
201900000559;27;11;2019;13:20;1;75;75106;2;4;2;3;BOULEVARD SAINT MICHEL;48,8412519;2,3374696
201900000560;29;11;2019;14:50;1;75;75117;2;1;1;3;AVENUE DE VILLIERS;48,8852650;2,2947960
201900000561;28;11;2019;10:35;1;75;75117;2;1;1;3;BOULEVARD DE COURCELLES;48,8799080;2,3066330
201900000562;28;11;2019;16:25;1;75;75108;2;4;8;6;AVENUE MARCEAU;48,8660756;2,2996588
201900000563;29;11;2019;19:30;5;75;75112;2;1;8;6;BOULEVARD DIDEROT;48,8466734;2,3809492
201900000564;29;11;2019;08:00;1;75;75112;2;1;2;3;AVENUE LEDRU ROLLIN;48,8488190;2,3728750
201900000565;29;11;2019;09:00;1;75;75111;2;1;8;6;RUE DE CRUSSOL;48,8640800;2,3677150
201900000566;29;11;2019;19:05;5;75;75108;2;2;1;6;COURS LA REINE;48,8646810;2,3136570
201900000567;29;11;2019;12:00;1;75;75108;2;1;1;7;RUE DE COURCELLES;48,8732719;2,3112966
201900000568;29;11;2019;09:30;1;75;75108;2;3;2;2;AVENUE MARCEAU;48,8685250;2,2989190
201900000569;29;11;2019;13:45;1;75;75102;2;3;2;6;RUE SAINT DENIS;48,8667094;2,3512489
201900000570;28;11;2019;23:20;5;75;75101;2;2;2;3;PLACE DU CARROUSEL;48,8601150;2,3333390
201900000571;28;11;2019;00:05;5;94;94068;2;1;2;1;BAC (AV DU);48,7938900;2,5133600
201900000572;29;11;2019;21:00;5;94;94042;2;1;1;6;JEAN MERMOZ (R);48,8197800;2,4646900
201900000573;28;11;2019;13:20;1;94;94046;2;2;8;3;JEAN JAURES (R);48,7956276;2,4338253
201900000574;29;11;2019;18:20;5;94;94076;2;1;1;3;MAXIME GORKI (R);48,7905700;2,3694400
201900000575;28;11;2019;12:50;1;94;94065;2;2;1;3;STRASBOURG (RUE DE);48,7587300;2,3581400
201900000576;29;11;2019;10:40;1;94;94028;2;6;2;3;POMPADOUR(CARREFOUR);48,7746000;2,4391200
201900000577;29;11;2019;07:55;5;94;94028;2;3;2;6;FALKIRK(RUE);48,7711600;2,4611900
201900000578;28;11;2019;21:15;5;94;94011;2;9;1;3;BOISSY.(AVENUE DE);48,7639700;2,4931100
201900000579;29;11;2019;20:15;4;94;94022;2;1;1;3;VICTOR HUGO (AV);48,7669000;2,4148100
201900000580;29;11;2019;16:30;4;94;94054;2;3;1;3;MARECHAL FOCH (R DU);48,7445200;2,3971800
201900000581;29;11;2019;09:00;1;94;94022;2;9;2;6;VICTOR HUGO (AV);48,7688400;2,4208500
201900000582;29;11;2019;14:50;1;93;93048;2;1;2;3;IRENEE LECOQ (RUE);48,8723810;2,4489890
201900000583;28;11;2019;10:20;1;93;93005;2;1;8;6;SAVIGNY (AVENUE DE);48,9505290;2,5110020
201900000584;11;3;2019;23:45;5;92;92078;2;9;1;6;GALLIENI (BD) (1 A 79 ET 22 A 102);48,9271200;2,3299600
201900000585;11;4;2019;18:10;1;92;92078;2;9;1;6;ROGER MARTIN DU GARD (SQUARE);48,9365000;2,3269700
201900000586;27;11;2019;12:00;1;92;92078;2;9;1;6;CHEMIN VERT (ALLEE);48,9369600;2,3329700
201900000587;29;11;2019;20:50;5;92;92073;2;1;8;3;BAS ROGERS (RUE DES);48,8798700;2,2333300
201900000588;28;11;2019;17:40;5;92;92063;2;3;1;6;FLOQUET (RUE CHARLES) NORD;48,8719900;2,1768800
201900000589;29;11;2019;10:50;1;92;92051;2;1;2;6;CHARTRES (RUE DE );48,8819071;2,2777212
201900000590;28;11;2019;18:15;5;92;92050;2;1;1;6;GAMBETTA RUE;48,8882190;2,1993270
201900000591;28;11;2019;18:15;5;92;92050;2;1;1;6;FRACHON BENOIT AVENUE;48,8946010;2,1909580
201900000592;29;11;2019;16:00;1;92;92049;2;1;1;3;GAMBETTA AVENUE LEON N° PAIRS;48,8136000;2,3236700
201900000593;27;11;2019;23:45;3;92;92004;2;1;1;6;AULAGNIER ( QUAI );48,9156630;2,3156618
201900000594;29;11;2019;15:30;1;80;80016;2;1;1;6;Rue des Otages;50,0013850;2,6524060
201900000595;29;11;2019;17:55;3;37;37063;1;1;1;6;3 Rue du Pr Guillaume Louis;47,5862660;0,8979140
201900000596;26;11;2019;17:20;1;47;47057;1;1;1;1;22 Avenue Saint-gregoire;44,6512390;0,5873570
201900000597;29;11;2019;21:44;5;62;62768;2;1;8;6;D137;50,3623650;1,8655290
201900000598;29;11;2019;03:30;3;22;22368;1;1;8;7;D766;48,5631860; -2,0548220
201900000599;29;11;2019;23:45;5;95;95116;1;1;1;1;Chemin du Jacloret;49,1503190;2,3424970
201900000600;29;11;2019;12:00;1;1;01109;1;1;3;7;D884;46,1436930;5,9114600
201900000601;29;11;2019;17:05;1;40;40295;1;2;1;3;Chemin Castelnau;44,3776100; -0,7997530
201900000602;29;11;2019;12:05;1;51;51507;1;1;2;7;RD 982E2;49,0822722;4,8830996
201900000603;30;11;2019;17:10;2;51;51660;2;9;1;1;AVENUE DU VAL DES BOIS;49,3481234;4,2125039
201900000604;29;11;2019;16:15;1;56;56036;2;1;1;6;Rue Pierre Landais;47,7849660; -3,3374270
201900000605;8;11;2019;20:30;3;74;74006;1;1;2;6;Route de sous le Mont;45,9970220;6,1135420
201900000606;29;11;2019;15:35;1;2B;2B050;1;6;1;2;La Vigna;42,5559170;8,7925820
201900000607;30;11;2019;16:20;1;2B;2B286;2;1;1;3;T10;42,4822850;9,4807150
201900000608;30;11;2019;02:00;3;80;80082;1;1;5;1;D1001;49,9767660;2,1445490
201900000609;25;11;2019;07:50;1;63;63178;2;2;1;6;Boulevard de Barrière;45,5387431;3,2439519
201900000610;29;11;2019;22:30;5;61;61168;2;1;1;6;Rue d'Hautvie;48,5919590; -0,3568470
201900000611;30;11;2019;03:30;3;49;49222;1;1;1;6;D160;47,3333450; -0,5892290
201900000612;30;11;2019;10:30;1;42;42060;1;1;1;6;Lieu Dit Apagneux;45,4957170;4,0987310
201900000613;29;11;2019;15:35;1;47;47147;1;3;7;1;Au Trespountets;44,6360760;0,2417190
201900000614;30;11;2019;14:00;1;34;34214;1;1;1;1;D15;43,4660430;3,2737190
201900000615;29;11;2019;13:20;1;68;68374;2;1;1;6;1 Rue du Logelbach;48,0736660;7,2909890
201900000616;29;11;2019;19:30;3;44;44013;1;1;1;1;D773;47,3971840; -2,0970150
201900000617;29;11;2019;16:45;2;44;44125;2;6;1;3;Route de Saint-sébastien;47,3666063; -2,5222546
201900000618;29;11;2019;17:21;2;29;29302;1;1;9;6;1770 Lieu-dit Pennarun;48,2700610; -4,0961940
201900000619;30;11;2019;06:15;3;26;26001;1;1;1;6;RD93;44,6963150;5,3946420
201900000620;30;11;2019;04:45;5;72;72046;2;9;1;6;rue des ormeaux;47,9968300;0,5024290
201900000621;30;11;2019;13:20;1;60;60067;1;1;1;7;Chemin du Sémaphore;49,2905190;2,8174580
201900000622;29;11;2019;23:30;3;60;60009;1;6;1;7;D1001;49,4053558;2,1199451
201900000623;30;11;2019;01:45;3;64;64527;2;6;1;7;d918;43,3406992; -1,4726714
201900000624;29;11;2019;17:35;3;73;73059;1;1;2;7;D991  Route de Paris;45,7594224;5,8706055
201900000625;30;11;2019;06:10;3;16;16421;1;1;1;7;Lieu Dit la Petite Fenetre;45,6775090;0,4581110
201900000626;29;11;2019;20:45;3;85;85107;1;1;1;3;LA TUILERIE;46,9642500; -1,2729900
201900000627;29;11;2019;16:10;1;48;48063;1;1;2;6;D987;44,7766720;3,3478690
201900000628;29;11;2019;19:40;5;973;97307;2;2;1;3;RN2;4,8860210; -52,3353450
201900000629;29;11;2019;23:35;3;80;80160;1;1;1;5;A29;49,8529430;2,3549160
201900000630;30;11;2019;07:50;2;76;76660;1;1;1;4;A131;49,4860630;0,3184330
201900000631;26;11;2019;17:33;3;28;28092;1;1;1;3;A10;48,3558410;1,8756740
201900000632;30;11;2019;05:50;1;986;98613;1;1;1;7;Vailala;45,8934410; -0,1475900
201900000633;29;11;2019;19:45;3;971;97107;1;1;1;2;1368 Boulevard de Bananier;15,9967510; -61,6070940
201900000634;29;11;2019;20:45;4;33;33199;2;1;1;2;161 avenue Maréchal de lattre de tassigny;44,6365100; -1,0956600
201900000635;30;11;2019;16:20;1;45;45315;2;1;1;6;3 Place Maurice de Sully;47,7657979;2,3755932
201900000636;30;11;2019;09:30;1;78;78415;2;1;1;6;Route de Mareil;48,8857420;1,8602630
201900000637;30;11;2019;05:20;3;78;78231;1;1;1;7;RD 928;48,9519030;1,6517300
201900000638;30;11;2019;01:15;3;83;83068;1;1;1;1;1251 Route de Saint Tropez;43,2673040;6,5557800
201900000639;30;11;2019;10:40;1;6;06048;2;1;1;1;Chemin du Baudaric;43,8156770;7,3157250
201900000640;29;11;2019;17:55;3;89;89105;1;1;3;4;D606;47,8997490;3,5209340
201900000641;27;11;2019;11:51;1;67;67205;2;6;1;3;rue de l'hippodromme;48,6906490;7,7846270
201900000642;29;11;2019;16:05;1;73;73248;1;1;2;6;D906  Rue de la Libération;45,2843830;6,3503010
201900000643;29;11;2019;15:25;1;56;56023;1;1;7;1;Kerhuiltan RD768;47,7278790; -3,0123360
201900000644;30;11;2019;03:00;3;76;76495;2;1;1;5;Avenue Jean Jouvenet;49,5741200;0,9459580
201900000645;30;11;2019;09:30;1;80;80685;2;1;1;6;25 Rue Saint Pierre;49,6986840;2,7909960
201900000646;29;11;2019;01:15;3;59;59482;2;1;1;6;Rue de Warneton;50,7164180;2,9933580
201900000647;30;11;2019;15:55;1;59;59106;1;1;1;1;Rue Felix Dehau;50,5773974;3,1917099
201900000648;29;11;2019;18:45;3;13;13211;1;1;1;3;A50-Sens Aubagne vers Marseille;43,2911914;5,4503362
201900000649;26;11;2019;17:10;5;13;13211;1;1;1;2;Sens Aubagne vers Marseille;43,2905430;5,4485760
201900000650;29;11;2019;16:20;1;33;33550;1;1;1;3;ROCADE A 630;44,7821700; -0,5839800
201900000651;29;11;2019;01:35;5;33;33550;1;1;1;6;ROCADE A 630;44,7833600; -0,5881400
201900000652;25;11;2019;08:25;1;59;59183;1;1;1;4;AUTOROUTE A16;51,0125000;2,3584000
201900000653;26;11;2019;07:50;2;59;59350;1;1;1;4;AUTOROUTE A25;50,6168610;3,0446220
201900000654;29;11;2019;07:30;1;91;91471;1;1;2;4;RD 188 CHEVREUSE;48,6920000;2,1808000
201900000655;29;11;2019;07:55;2;91;91689;1;1;1;3;AUTOROUTE A6;48,7224000;2,3120000
201900000656;29;11;2019;17:20;3;92;92050;1;1;1;2;A86;48,9097596;2,2153353
201900000657;29;11;2019;10:20;1;92;92062;1;1;2;7;RN1013;48,8903724;2,2398538
201900000658;29;11;2019;17:20;3;94;94046;1;1;1;2;A86 EXT;48,7985000;2,4444200
201900000659;27;11;2019;15:40;1;75;75112;1;1;2;2;A4;48,8183908;2,4568786
201900000660;27;11;2019;02:15;3;95;95488;1;1;3;6;AUTOROUTE A15;49,0282000;2,1283900
201900000661;27;11;2019;01:20;3;93;93010;1;1;3;2;AUTOROUTE A3;48,9047900;2,4716900
201900000662;26;11;2019;09:20;1;93;93006;1;1;1;5;AUTOROUTE A3;48,8669000;2,4253200
201900000663;26;11;2019;08:40;1;95;95061;1;1;1;6;RN 104;49,0680700;2,2543700
201900000664;26;11;2019;13:50;1;75;75116;2;2;8;3;AVENUE FOCH;48,8731676;2,2844497
201900000665;28;11;2019;21:25;5;75;75106;2;4;1;3;BOULEVARD SAINT MICHEL;48,8483750;2,3414690
201900000666;27;11;2019;21:00;5;75;75119;2;4;1;6;BOULEVARD D INDOCHINE;48,8840994;2,3968389
201900000667;28;11;2019;12:15;1;75;75119;2;1;1;6;RUE COMPANS;48,8758010;2,3949710
201900000668;27;11;2019;12:30;1;75;75116;2;2;1;6;RUE JEAN DE LA FONTAINE;48,8496840;2,2685590
201900000669;27;11;2019;06:20;5;75;75116;2;2;1;3;ALLEE DE LONGCHAMP;48,8637090;2,2401166
201900000670;28;11;2019;18:30;5;75;75115;2;3;1;3;RUE DE L ARRIVEE;48,8441850;2,3228920
201900000671;28;11;2019;16:15;1;75;75111;2;1;1;6;AVENUE DE LA REPUBLIQUE;48,8633720;2,3845210
201900000672;28;11;2019;17:25;5;75;75108;2;5;1;6;BOULEVARD MALESHERBES;48,8747200;2,3199500
201900000673;28;11;2019;19:30;5;75;75102;2;7;1;3;PLACE DE L OPERA;48,8706940;2,3325240
201900000674;27;11;2019;20:00;4;75;75102;2;3;8;7;BOULEVARD MONTMARTRE;48,8716980;2,3415950
201900000675;28;11;2019;20:10;5;75;75103;2;2;1;6;RUE SAINT MARTIN;48,8679190;2,3550240
201900000676;28;11;2019;17:20;5;75;75117;2;1;1;6;RUE JACQUES IBERT;48,8891050;2,2909020
201900000677;27;11;2019;09:13;1;94;94068;2;3;8;3;CORNEILLES (BD DES);48,7845800;2,4921300
201900000678;28;11;2019;11:05;1;94;94003;2;2;1;7;GABRIEL PERI (AV);48,7993000;2,3436000
201900000679;27;11;2019;13:30;1;94;94055;2;1;2;3;PROVINS (RTE DE);48,7932600;2,5556400
201900000680;28;11;2019;09:10;1;94;94017;2;1;1;6;DIDEROT (R);48,8147100;2,4817700
201900000681;27;11;2019;12:00;1;93;93070;2;1;2;2;SEINE (QUAI DE);48,9154900;2,3219300
201900000682;27;11;2019;22:00;5;93;93066;2;1;1;2;ORNANO (BOULEVARD);48,9183500;2,3444300
201900000683;28;11;2019;08:25;1;93;93046;2;1;1;1;GRAFFAN RUE;48,9242200;2,5426000
201900000684;28;11;2019;08:30;1;93;93045;2;2;2;3;JUIN AVENUE DU MARECHAL;48,8783400;2,4225100
201900000685;28;11;2019;08:50;1;93;93027;2;3;8;6;CREVECOEUR (RUE DE);48,9193700;2,3840900
201900000686;28;11;2019;02:35;5;93;93005;1;9;1;6;GEORGES BRAQUE (BOULEVARD);48,9594730;2,4761840
201900000687;28;11;2019;07:19;5;92;92062;2;2;1;6;CHANTE COQ (RUE);48,8827900;2,2391400
201900000688;28;11;2019;09:00;1;92;92025;2;1;1;3;HENRI BARBUSSE (AV);48,9163400;2,2527420