Num_Acc;jour;mois;an;hrmn;lum;dep;com;agg;int;atm;col;adr;lat;long
201900001387;19;6;2019;16:04;1;92;92073;2;1;1;6;PASTEUR (RUE);48,8635100;2,2238000
201900001388;9;6;2019;19:45;1;92;92073;2;2;1;3;ROOSVELT (AVENUE FRANKLIN);48,8743449;2,2206545
201900001389;12;8;2019;10:30;1;34;34198;2;1;1;2;RD N21;43,5872500;3,9162400
201900001390;16;8;2019;00:25;3;34;34032;1;9;1;6;ROUTE DEPARTEMENTALE NR.64;43,3043900;3,2163400
201900001391;16;8;2019;15:20;1;33;33318;2;3;1;7;RUE JEAN PERRIN;44,7789200; -0,6601700
201900001392;7;6;2019;10:11;1;92;92073;2;2;1;3;LIBERTE (RUE DE LA);48,8797350;2,2189376
201900001393;12;8;2019;14:45;1;33;33318;2;2;1;2;BECQUEREL (AVE ANTOINE);44,7879600; -0,6461100
201900001394;15;8;2019;16:40;1;33;33039;2;6;1;6;RUE LOUIS BLERIOT;44,8000000; -0,5306500
201900001395;5;6;2019;15:20;1;92;92073;2;3;2;3;SELLIER (BOULEVARD HENRI);48,8681700;2,2256500
201900001396;3;6;2019;11:10;1;92;92073;2;1;2;2;LATTRE DE TASSIGNY (BOULEVARD DU MARECHA;48,8676191;2,2170726
201900001397;14;8;2019;14:25;1;33;33550;2;2;1;6;2 AVE GEORGES CLEMENCEAU;44,7817200; -0,5654900
201900001398;17;6;2019;09:45;1;92;92072;2;2;1;3;PAVE DES GARDES (ROUTE DU);48,8123335;2,2149086
201900001399;14;8;2019;11:45;1;33;33281;2;1;1;6;AVE DU TRUC;44,8492900; -0,6551800
201900001400;15;8;2019;11:50;1;33;33529;1;1;1;4;D259;44,6006600; -1,1843800
201900001401;15;8;2019;14:42;1;31;31555;2;1;1;6;RUE DE KIEV;43,5708710;1,4066140
201900001402;14;8;2019;18:43;1;31;31555;2;1;1;3;AV JEAN ZAY;43,6488900;1,4330900
201900001403;14;8;2019;16:10;1;31;31555;2;1;1;6;ARCOLE (BD D) DU 2AU 76;43,6112900;1,4411200
201900001404;12;8;2019;05:50;4;31;31555;1;1;2;7;ECHANGEUR ST MARTIN ( A624-RD 901);43,6108600;1,3831000
201900001405;14;8;2019;15:46;1;29;29232;1;1;2;7;BREST ROUTE DE;48,0193900; -4,0841400
201900001406;12;6;2019;19:50;1;92;92022;2;1;2;3;SALENGRO (AVENUE ROGER);48,8167132;2,1950997
201900001407;14;8;2019;02:58;3;29;29232;1;1;1;7;DE KERREQUELLOU CHEMIN;47,9582699; -4,0656636
201900001408;15;8;2019;16:35;1;29;29039;2;1;1;7;RD 783;47,8818800; -3,9106900
201900001409;5;6;2019;09:40;1;92;92072;2;9;8;1;VILLE D'AVRAY (RUE DE );48,8258781;2,2015011
201900001410;4;6;2019;08:35;1;92;92072;2;1;8;6;VILLE D'AVRAY (RUE DE );48,8258882;2,2012770
201900001411;16;8;2019;17:38;1;29;29019;2;1;1;2;MONTAIGNE (DE 39 A 111 ET 32 A 96);48,4016600; -4,4832100
201900001412;13;8;2019;11:58;1;29;29019;2;6;2;7;PEN AR CH'LEUZ (ROND POINT);48,4141300; -4,4800900
201900001413;13;6;2019;15:05;1;92;92064;2;1;1;4;MARCEL DASSAULT;48,8559109;2,2230920
201900001414;11;6;2019;19:44;1;92;92064;2;1;1;6;DAILLY;48,8428000;2,2211000
201900001415;13;8;2019;09:55;1;27;27229;2;1;1;3;NORMANDIE (BOULEVARD DE);49,0216020;1,1375080
201900001416;7;6;2019;15:40;1;92;92064;2;9;2;7;REPUBLIQUE;48,8575000;2,2108000
201900001417;13;8;2019;12:00;1;26;26281;2;1;1;2;JAURES JEAN (PLACE);45,0455400;5,0527400
201900001418;7;6;2019;13:40;1;92;92064;2;1;2;3;REPUBLIQUE;48,8504600;2,2134800
201900001419;14;6;2019;16:30;1;92;92063;2;1;1;6;FOCH (BOULEVARD DU MARECHAL);48,8782000;2,1803600
201900001420;9;8;2019;14:40;1;26;26198;2;3;1;3;DAUJAT( Rue Raymond);44,5588700;4,7487200
201900001421;10;6;2019;09:15;1;92;92063;2;3;1;6;DOUMER (AVENUE PAUL) EST;48,8787617;2,1773299
201900001422;8;8;2019;17:30;1;26;26198;2;1;1;6;MEYNOT (Boulevard);44,5556870;4,7517470
201900001423;12;8;2019;17:10;1;26;26198;2;1;1;6;MEYNOT (Boulevard);44,5556500;4,7516100
201900001424;6;6;2019;10:00;1;92;92063;2;3;1;6;THIERS (RUE);48,8696000;2,1937600
201900001425;17;8;2019;03:40;4;25;25056;1;1;1;7;EPINAL RUE D';47,2698390;5,9996720
201900001426;31;5;2019;12:40;1;92;92063;2;1;1;3;SUE (RUE EUGENE);48,8765700;2,2012400
201900001427;19;6;2019;07:45;1;92;92062;2;1;1;2;DE DION BOUTON (QUAI) DU 29 AU 65;48,8831547;2,2484496
201900001428;3;6;2019;18:48;1;92;92062;2;1;1;3;GODEFROY (RUE) DU 1 AU 17;48,8808920;2,2428610
201900001429;14;8;2019;16:45;1;25;25056;2;2;1;3;VESOUL RUE DE (inf 52);47,2533400;6,0157900
201900001430;7;6;2019;14:15;1;92;92051;2;1;8;6;CHATEAU (BOULEVARD DU);48,8867280;2,2622630
201900001431;6;6;2019;09:05;1;92;92051;2;2;1;3;RICHARD WALLACE (BOULEVARD);48,8752229;2,2505202
201900001432;10;8;2019;16:28;1;24;24037;2;3;1;3;RN 21;44,8191600;0,5045400
201900001433;3;6;2019;13:42;1;92;92051;2;1;2;2;CHARLES DE GAULLE (AVENUE,N°118 A 192 +;48,8818900;2,2687200
201900001434;7;8;2019;17:20;1;22;22278;2;1;1;6;GENEVE (DE);48,5171383; -2,7430372
201900001435;30;5;2019;12:20;1;92;92051;2;1;1;6;ACHILLE PERETTI (AVENUE, N° 90 A 96 ET 9;48,8877400;2,2551900
201900001436;12;8;2019;12:00;1;22;22187;1;1;1;2;RN12;48,5455800; -2,7915100
201900001437;18;6;2019;14:45;1;92;92050;2;2;1;3;REPUBLIQUE AVENUE DE LA;48,8980730;2,1987590
201900001438;11;8;2019;18:10;1;22;22278;1;1;1;1;BOUGAINVILLE (DE);48,5199200; -2,7168700
201900001439;18;6;2019;12:05;1;92;92050;2;1;1;2;LENINE VLADIMIR ILITCH AVENUE;48,8881100;2,1946000
201900001440;13;8;2019;15:15;1;22;22113;2;9;1;6;RESISTANCE (AVENUE DE LA);48,7522700; -3,4569200
201900001441;16;6;2019;16:45;1;92;92050;2;1;1;6;GAULLE DE CHARLES ESPLANADE;48,8945300;2,2223100
201900001442;14;8;2019;15:25;1;19;19272;2;1;1;6;Winston Churchill (Av);45,2589988;1,7567579
201900001443;15;6;2019;14:05;1;92;92050;2;2;1;6;PONT DE BEZONS;48,9190530;2,2229390
201900001444;14;8;2019;15:45;1;19;19031;2;1;1;1;GEOFFRAY (RUE CESAR);45,1562100;1,5094900
201900001445;14;6;2019;18:30;1;92;92050;2;2;1;6;COMMUNE DE PARIS AVENUE DE LA;48,9058300;2,2094300
201900001446;9;8;2019;18:45;1;19;19031;1;6;1;3;CRETES (CHEMIN DES);45,1764500;1,5163900
201900001447;14;6;2019;14:25;1;92;92050;2;2;1;3;QUENTIN JULES AVENUE;48,8949800;2,1918900
201900001448;13;8;2019;09:40;1;17;17415;1;1;1;7;Route Départementale 728;45,7469768; -0,7027119
201900001449;11;6;2019;21:10;2;92;92050;2;1;2;3;CLEMENCEAU GEORGES AVENUE N° PAIR;48,8862530;2,2140410
201900001450;16;8;2019;18:30;1;17;17306;2;1;1;5;EUROPE (COURS DE L');45,6249680; -1,0198590
201900001451;9;6;2019;16:15;1;92;92050;2;1;1;6;GAMBETTA RUE;48,8885230;2,1990200
201900001452;7;6;2019;12:10;1;92;92050;2;1;1;6;PROVINCES FRANCAISES BD DES;48,8997900;2,2140500
201900001453;16;8;2019;11:00;1;17;17306;2;2;1;2;Avenue Louis BOUCHET;45,6293610; -0,9935700
201900001454;6;6;2019;17:00;1;92;92050;2;1;1;2;JOILIOT CURIE F. ET IRENE AVENUE N°IMPAI;48,8923050;2,2094080
201900001455;9;8;2019;10:05;1;17;17306;2;2;1;3;ROCHEFORT (DE)  (AVENUE);45,6489700; -1,0244500
201900001456;5;6;2019;19:25;1;92;92050;2;1;2;6;PROVINCES FRANCAISES BD DES;48,9011930;2,2174950
201900001457;14;8;2019;17:40;1;17;17291;2;1;1;7;BELGIQUE  RUE;46,1792400; -1,1228300
201900001458;1;6;2019;14:00;1;92;92050;2;1;1;2;REPUBLIQUE AVENUE DE LA;48,9057850;2,2105090
201900001459;13;8;2019;19:05;2;16;16102;2;2;1;1;Bd de JAVREZAC;45,6921600; -0,3448800
201900001460;31;5;2019;12:00;1;92;92050;2;2;1;4;VAILLANT COUTURIER PAUL RUE;48,8823000;2,2046200
201900001461;13;6;2019;07:45;1;92;92020;2;1;1;5;LIBERTE BOULEVARD DE LA N° PAIRS;48,8030500;2,2899000
201900001462;13;6;2019;06:53;1;92;92049;2;2;8;3;BRIAND AVENUE ARISTIDE N°1 A 129;48,8175000;2,3256000
201900001463;10;6;2019;19:30;1;92;92049;2;2;1;3;GINOUX AVENUE HENRI AUTRES N°;48,8120100;2,3189600
201900001464;8;6;2019;19:55;1;92;92049;2;1;1;6;GAMBETTA AVENUE LEON N° IMPAIRS;48,8135900;2,3242100
201900001465;13;8;2019;14:15;1;14;14366;2;3;3;6;CONDORCET (RUE);49,1463342;0,2254670
201900001466;7;6;2019;14:55;1;92;92049;2;1;1;6;PERI RUE GABRIEL N°2 A 36;48,8179100;2,3225600
201900001467;16;8;2019;18:30;1;14;14304;1;2;1;1;CD  579;49,3822100;0,2400000
201900001468;14;6;2019;09:45;1;92;92048;2;1;1;3;REPUBLIQUE (RUE DE LA) N° 47 A 85;48,8060440;2,2357642
201900001469;14;8;2019;21:40;3;14;14271;1;1;1;6;ECHANGEUR N° 10 ( ETERVILLE );49,1554648; -0,4221192
201900001470;10;6;2019;07:57;1;92;92048;2;1;8;1;GARDES (ROUTE DES) N° 5 A 51;48,8188000;2,2378000
201900001471;8;8;2019;09:10;1;14;14118;2;3;1;3;FALAISE (RUE DE  - 90 PAIR 95 IMPAIR);49,1725600; -0,3545300
201900001472;3;6;2019;14:40;1;92;92048;2;1;2;2;GARDES (ROUTE DES) N° 55 A 87;48,8165100;2,2269300
201900001473;15;8;2019;21:30;3;13;13039;1;1;1;6;FENOUILLERE (Chemin de la);43,4620226;4,9191043
201900001474;3;6;2019;10:55;1;92;92048;2;3;2;6;MAL DE LATTRE DE TASSIGNY (AVENUE);48,7857500;2,2292100
201900001475;17;8;2019;17:35;1;13;13204;2;1;1;2;LIBERATION (BOULEVARD);43,3022800;5,3947500
201900001476;19;6;2019;14:40;1;92;92044;2;2;1;3;KLEBER (RUE);48,8925282;2,2794899
201900001477;16;8;2019;22:10;5;13;13208;2;1;1;6;MAZARGUES (AVENUE DE);43,2669700;5,3896500
201900001478;21;1;2019;08:02;2;92;92044;2;3;1;6;GABRIEL PERI(RUE) 1A23 ET 2A36;48,8889900;2,2905000
201900001479;16;8;2019;19:30;1;13;13208;2;1;1;3;MENDES FRANCE (AVENUE);43,2559000;5,3766600
201900001480;16;8;2019;17:20;1;13;13215;2;1;1;6;VISTE (AVENUE DE LA);43,3599410;5,3575980
201900001481;9;6;2019;20:22;1;92;92044;2;2;1;3;PDT WILSON(RUE)23A49 ET 26A52;48,8921392;2,2903164
201900001482;16;8;2019;17:25;1;13;13202;2;1;1;2;REPUBLIQUE (RUE DE LA);43,3041150;5,3678110
201900001483;16;8;2019;16:20;1;13;13213;2;9;1;1;VALDONNE (AVENUE DE);43,3244200;5,4154900
201900001484;16;8;2019;12:50;1;13;13002;2;1;1;2;GÉNÉRAL DE GAULLE (AVENUE DU);43,3397600;5,4824800
201900001485;16;8;2019;10:00;1;13;13210;2;1;1;6;ROMAIN ROLLAND (BOULEVARD);43,2710510;5,4086800
201900001486;15;8;2019;22:30;5;13;13216;2;1;1;6;JEAN LABRO (BOULEVARD);43,3546500;5,3410800
201900001487;6;6;2019;20:25;2;92;92044;2;3;1;3;JEAN JAURES(RUE) 1A55 ET 2A54;48,8910828;2,2922625
201900001488;15;8;2019;19:40;1;13;13002;2;1;1;6;JEAN GIONO (AVENUE);43,3356100;5,4772200
201900001489;9;4;2019;18:30;1;92;92044;2;2;1;7;VICTOR HUGO (RUE);48,8959294;2,2965016
201900001490;15;8;2019;11:00;1;13;13208;2;1;1;2;PRADO (contre allée);43,2800000;5,3800000
201900001491;13;6;2019;20:10;1;92;92040;2;1;1;2;GALLIENI (BOULEVARD);48,8316700;2,2672000
201900001492;15;8;2019;10:00;1;13;13208;2;1;1;6;PRADO (AVENUE DU);43,2741000;5,3904000
201900001493;15;8;2019;00:19;5;13;13204;2;5;1;1;FRANÇOISE DUPARC (BOULEVARD);43,3065400;5,4008900
201900001494;3;6;2019;20:10;1;92;92040;2;1;1;6;VERDUN (AVENUE DE) DU 115 AU 149;48,8196400;2,2562700
201900001495;14;8;2019;05:40;5;13;13204;2;1;1;6;ALEX. FLEMING (BOULEVARD);43,3135100;5,4055900
201900001496;31;5;2019;15:45;1;92;92040;2;1;1;7;GALLIENI (BOULEVARD);48,8341000;2,2668000
201900001497;13;8;2019;13:45;1;13;13209;2;1;1;3;FLORALIA (Rue);43,2414500;5,3940100
201900001498;17;6;2019;17:39;1;92;92036;2;1;1;3;MARCEL PAUL (AVENUE) (52/102);48,9396133;2,3039875
201900001499;13;8;2019;09:00;1;13;13209;2;1;1;1;LÉON LACHAMP (ROUTE);43,2487840;5,4417060
201900001500;16;8;2019;18:30;1;13;13047;1;1;1;5;R.N 569;43,5535140;4,9595900
201900001501;16;8;2019;17:00;1;13;13047;2;6;1;3;RADOLFZELL AVENUE DE;43,4991940;4,9878290
201900001502;13;8;2019;12:20;1;13;13005;1;1;1;1;BAUMONE (AVENUE DE LA );43,2962200;5,5946900
201900001503;13;8;2019;09:10;1;12;12202;2;1;1;4;BOURRAN (AVENUE DE);44,3628500;2,5540600
201900001504;10;8;2019;19:05;1;12;12145;2;1;1;6;JAURES JEAN (AVENUE);44,1005800;3,0789300
201900001505;17;6;2019;16:40;1;92;92036;2;1;1;7;RUE GUY MOCQUET;48,9342000;2,2879400
201900001506;9;8;2019;16:33;1;12;12089;1;1;1;7;D 963;44,5862100;2,2479700
201900001507;17;8;2019;10:47;1;10;10357;2;1;2;7;GENERAL DE GAULLE (RUE DU);48,2970000;4,1200000
201900001508;15;6;2019;20:30;2;92;92036;2;1;1;3;MARCEL PAUL (AVENUE) (52/102);48,9417901;2,3028883
201900001509;14;8;2019;18:02;1;10;10387;2;1;1;3;MAROTS (RUE DES);48,3063000;4,0491000
201900001510;13;6;2019;19:00;1;92;92036;2;1;1;6;GRESILLONS (QUAI DES);48,9201358;2,3231615
201900001511;11;6;2019;18:55;1;92;92036;2;3;3;7;FELICIE (RUE);48,9145500;2,2939300
201900001512;13;8;2019;15:54;1;10;10081;1;6;1;2;ROCADE OUEST (RD 610);48,3022800;4,0256000
201900001513;7;6;2019;21:35;2;92;92036;2;1;2;3;GABRIEL PERI (AVENUE) (60/134);48,9207309;2,2951770
201900001514;3;6;2019;12:10;1;92;92036;2;1;1;6;LIBERATION (AVENUE DE LA);48,9246300;2,2939300
201900001515;30;5;2019;19:15;2;92;92035;2;1;1;2;Estienne d'Orves ( rue d' );48,9090730;2,2496860
201900001516;7;6;2019;07:40;1;92;92026;2;2;1;3;AVENUE GAMBETTA;48,8924926;2,2455058
201900001517;12;8;2019;23:00;5;8;08409;2;2;1;3;THIERS (RUE);49,7017000;4,9386300
201900001518;18;6;2019;09:20;1;92;92026;2;1;1;2;PRÉSIDENT PAUL DOUMER (QUAI DU);48,8929600;2,2597200
201900001519;13;6;2019;18:30;1;92;92026;2;1;1;6;SAINT-DENIS BD (120 A 174 / DE 199 A 315;48,9032133;2,2760672
201900001520;17;8;2019;11:35;1;7;07102;2;6;1;6;TREMOLETS (Rue des);44,9375200;4,8634500
201900001521;13;6;2019;16:30;1;92;92026;2;1;1;6;SAINT DENIS BD (120 A 174 / 199 A 315);48,9004230;2,2695590
201900001522;15;8;2019;15:30;1;6;06088;2;2;1;6;HOTEL DES POSTES (R.);43,6988900;7,2694900
201900001523;10;6;2019;16:18;1;92;92026;2;1;1;2;VERDUN (DE 62 A FIN);48,9003040;2,2609210
201900001524;13;8;2019;16:42;1;6;06159;2;1;1;3;PRINCESSE GRACE DE MONACO (AVENUE);43,6891700;7,3070600
201900001525;10;6;2019;11:00;1;92;92026;2;2;1;6;PRÉSIDENT PAUL DOUMER (QUAI DU);48,8901330;2,2562550
201900001526;13;8;2019;15:40;1;6;06104;2;4;1;1;PRINCE RAINIER III (AVENUE);43,7543200;7,4345220
201900001527;9;6;2019;20:00;1;92;92026;2;9;1;4;COLOMBES;48,8997170;2,2564660
201900001528;25;5;2019;08:15;1;92;92026;2;2;1;3;PRÉSIDENT PAUL DOUMER (QUAI DU);48,8900800;2,2562600
201900001529;5;6;2019;13:50;1;92;92026;2;1;3;6;VERDUN (DE 62 A FIN);48,9003760;2,2608520
201900001530;13;8;2019;22:30;5;6;06069;2;9;1;1;DUVAL (AVENUE MATHIAS);43,6515800;6,9222100
201900001531;4;6;2019;20:10;1;92;92026;2;1;1;6;ARISTIDE BRIAND;48,8997100;2,2588400
201900001532;14;8;2019;19:13;1;6;06029;2;1;1;3;JOURDAN (AVENUE MICHEL);43,5556756;6,9702699
201900001533;31;5;2019;20:00;1;92;92026;2;1;1;6;SAINT-DENIS BD (120 A 174 / DE 199 A 315;48,9000000;2,2760000
201900001534;16;8;2019;07:10;1;6;06027;2;1;1;3;CANNES AVENUE DE (RN7);43,6541802;7,1481105
201900001535;30;5;2019;17:30;1;92;92026;2;1;1;3;PRÉSIDENT PAUL DOUMER (QUAI DU);48,8913430;2,2578360
201900001536;10;8;2019;11:53;1;6;06027;2;1;1;2;PLAGE BOULEVARD DE LA;43,6469641;7,1478721
201900001537;11;6;2019;11:45;1;92;92025;2;1;1;6;MARECHAL JOFFRE (RUE DU);48,9244000;2,2630000
201900001538;13;6;2019;21:10;1;92;92025;2;1;1;3;GABRIEL PERI (RUE);48,9232400;2,2523900
201900001539;13;8;2019;14:50;1;6;06004;2;1;1;6;GRASSE RTE DE;43,6015600;7,0843260
201900001540;12;6;2019;17:55;1;92;92025;2;1;2;3;EDGARD QUINET (BD);48,9234000;2,2493600
201900001541;13;8;2019;07:37;1;6;06004;2;1;1;6;VAUTRIN BD DU GENERAL;43,5874297;7,1191105
201900001542;10;6;2019;20:30;1;92;92025;2;1;1;3;STALINGRAD (AV DE);48,9310060;2,2671850
201900001543;15;8;2019;18:45;1;5;05061;2;6;1;3;EMBRUN ( AVENUE D');44,5675300;6,0972700
201900001544;14;8;2019;09:10;1;5;05061;2;1;1;7;GEORGES POUGET ( RUE);44,5588200;6,0680700
201900001545;14;8;2019;08:25;1;5;05023;2;1;1;6;FORGUES (AVENUE DU PROF.);44,9056000;6,6302000
201900001546;4;8;2019;17:10;1;2;02805;2;1;1;7;MOINES Rue des;49,3710000;3,3564700
201900001547;10;6;2019;16:40;1;92;92025;2;1;1;2;BOURNARD (RUE DU);48,9230345;2,2544218
201900001548;18;6;2019;15:05;1;92;92024;2;1;1;6;HENRI BARBUSSE (RUE) DE (73 A 139);48,9009100;2,3081700
201900001549;16;6;2019;17:00;1;92;92024;2;2;1;3;CLICHY (QUAI DE) DE (104 A 202);48,9036700;2,2900900
201900001550;17;6;2019;09:45;1;92;92023;2;1;1;6;FONTENAY (RUE DE);48,7972300;2,2735700
201900001551;11;6;2019;06:50;1;92;92060;2;1;1;3;GALILEE (AVENUE);48,7814100;2,2477700
201900001552;6;6;2019;08:40;1;92;92023;2;1;1;3;PORTE DE TRIVAUX (RUE DE) N°57 A 197 ET;48,7871400;2,2466000
201900001553;3;6;2019;18:00;1;92;92023;2;1;1;6;PORTE DE TRIVAUX (RUE DE) N°57 A 197 ET;48,7851000;2,2394300
201900001554;1;6;2019;13:20;1;92;92023;2;1;1;3;GENERAL DE GAULLE (AV DU) N°130 A 340 ET;48,7872646;2,2561842
201900001555;13;6;2019;15:40;1;92;92019;2;3;2;3;DIVISION LECLERC (AVENUE DE LA);48,7656516;2,2592994
201900001556;17;8;2019;18:35;1;75;75120;2;1;2;3;ECHANGEUR LILAS;48,8762742;2,4100024
201900001557;16;6;2019;06:20;1;92;92012;2;1;1;2;GENERAL LECLERC (AVENUE DU) 1/33 - 2/58;48,8329200;2,2405700
201900001558;17;8;2019;18:00;1;75;75120;2;1;2;4;ECHANGEUR BAGNOLET;48,8646795;2,4127597
201900001559;13;6;2019;09:50;1;92;92012;2;2;1;3;GENERAL LECLERC (AVENUE DU) 35/FIN - 60/;48,8309549;2,2346812
201900001560;16;8;2019;19:55;1;75;75115;2;4;1;2;BD PERIPHERIQUE INTERIEUR;48,8267961;2,2956214
201900001561;12;6;2019;14:15;1;92;92012;2;2;3;2;SILLY (RUE DE) 1/87 - 2/88;48,8423800;2,2307400
201900001562;14;8;2019;19:30;1;75;75114;2;1;1;4;BD PERIPHERIQUE EXTERIEUR;48,8240040;2,3076690
201900001563;11;6;2019;17:15;1;92;92012;2;1;2;6;MEUDON (RUE DE) - COTE PAIR;48,8281700;2,2420700
201900001564;14;8;2019;17:30;1;75;75117;2;1;1;6;BD PERIPHERIQUE INTERIEUR;48,8896919;2,2974046
201900001565;10;6;2019;14:00;1;92;92012;2;1;1;6;REPUBLIQUE (BOULEVARD DE LA) 5/77BIS - 6;48,8315532;2,2555370
201900001566;7;6;2019;17:30;1;92;92012;2;2;2;6;GALLIENI (RUE) 142/FIN;48,8350806;2,2280588
201900001567;14;8;2019;17:40;1;75;75113;2;1;1;3;BD PERIPHERIQUE INTERIEUR;48,8230400;2,3812350
201900001568;6;6;2019;20:26;2;92;92012;2;3;1;6;VIEUX PONT DE SEVRES (ALLEE DU);48,8312980;2,2415800
201900001569;14;8;2019;10:30;1;75;75120;2;1;1;7;ECHANGEUR BAGNOLET;48,8653726;2,4123730
201900001570;6;6;2019;17:45;1;92;92012;2;1;1;6;BILLANCOURT (RUE DE) 1/61 - 2/104;48,8433000;2,2345000
201900001571;31;1;2019;20:17;5;92;92012;2;1;2;6;JEAN JAURES (BOULEVARD) 217/FIN - 210/FI;48,8278600;2,2468800
201900001572;14;8;2019;09:30;1;75;75114;2;1;1;4;BD PERIPHERIQUE INTERIEUR;48,8235200;2,3103580
201900001573;10;6;2019;17:58;1;92;92007;2;6;1;3;VAILLANT-COUTURIER (AVENU PAUL);48,7933200;2,3160100
201900001574;17;8;2019;06:55;2;75;75114;2;7;2;6;PLACE JULES HENAFFE;48,8237672;2,3318486
201900001575;14;8;2019;20:00;1;75;75107;2;2;1;3;RUE FABERT;48,8599330;2,3113720
201900001576;7;6;2019;16:25;1;92;92007;2;5;8;3;BRIAND (AVENUE ARISTIDE) N° 162 A 300;48,7908800;2,3197800
201900001577;13;8;2019;16:20;1;75;75105;2;1;1;2;BOULEVARD DE L HOPITAL;48,8423030;2,3635050
201900001578;17;6;2019;18:45;1;92;92004;2;1;1;6;VOLTAIRE  ( BD 01 A 15 );48,9114500;2,2968300
201900001579;15;8;2019;22:40;5;75;75120;2;7;1;6;AVENUE GAMBETTA;48,8650465;2,3986083
201900001580;12;6;2019;08:50;1;92;92009;2;1;1;3;EUROPE (AVENUE);48,9073016;2,2652115
201900001581;15;8;2019;16:50;1;75;75120;2;3;1;7;AVENUE DU PROFESSEUR ANDRE LEMIERE;48,8551410;2,4152490
201900001582;8;6;2019;19:50;1;92;92009;2;1;1;6;GENERAL LECLERC ( RUE DU );48,9139000;2,2716500
201900001583;15;8;2019;16:30;1;75;75120;2;2;1;6;RUE D AVRON;48,8534795;2,4104900
201900001584;5;6;2019;18:25;1;92;92004;2;1;8;6;DOCTEUR DERVAUX  ( QUAI DU );48,9075898;2,2921371
201900001585;15;8;2019;07:30;1;75;75120;2;2;1;3;RUE DE BELLEVILLE;48,8759790;2,4025940
201900001586;19;6;2019;18:45;1;92;92014;2;2;1;3;GENERAL LECLERC (57A 135 - 50 A 186);48,7768711;2,3142743
201900001587;16;8;2019;22:15;5;75;75119;2;2;1;6;RUE DE MEAUX;48,8828110;2,3757320
201900001588;12;6;2019;18:55;1;92;92014;2;2;1;6;RAVON (RUE);48,7799480;2,3159417
201900001589;12;6;2019;13:00;1;92;92002;2;1;2;6;DIVISION LECLERC (53 A 217 - 58 A 186);48,7443376;2,3031223
201900001590;15;8;2019;22:00;5;75;75118;2;4;2;6;AVENUE DE LA PORTE DE LA CHAPELLE;48,8989116;2,3590122
201900001591;14;8;2019;15:00;1;75;75118;2;3;1;6;RUE SAINT ELEUTHERE;48,8861970;2,3413950
201900001592;14;8;2019;07:55;1;75;75118;2;2;1;6;RUE HERMEL;48,8916800;2,3446100
201900001593;14;8;2019;10:00;1;75;75117;2;2;1;6;RUE DE COURCELLES;48,8812321;2,3010456
201900001594;8;6;2019;10:40;1;92;92002;2;3;1;3;PRESIDENT KENNEDY (2 A 48);48,7398795;2,3009454
201900001595;12;8;2019;12:40;1;75;75117;2;7;1;3;PLACE DE VERDUN;48,8795871;2,2808435
201900001596;3;6;2019;19:30;1;92;92002;2;3;1;3;ARMAND GUILLEBAUD (AVENUE);48,7486198;2,3074262
201900001597;17;8;2019;19:05;1;75;75116;2;1;2;3;RUE DU COMMANDANT GUILBAUD;48,8401400;2,2516350
201900001598;2;6;2019;02:54;3;22;22213;1;1;1;7;Le Bouillon;48,5081292; -1,9988723
201900001599;17;8;2019;02:50;5;75;75116;2;3;2;3;AVENUE DU PRESIDENT KENNEDY;48,8527065;2,2807069
201900001600;14;8;2019;10:15;1;75;75116;2;3;1;3;AVENUE DE LA GRANDE ARMEE;48,8748065;2,2917062
201900001601;1;6;2019;18:50;1;80;80540;1;3;1;3;D50;50,0467260;2,6617670
201900001602;1;6;2019;12:55;1;37;37123;1;6;1;7;D952;47,3290400;0,4463210
201900001603;15;8;2019;17:20;1;75;75115;2;2;1;3;RUE EMERIAU;48,8487262;2,2852260
201900001604;5;6;2019;09:18;1;37;37063;2;3;2;6;32 Rue Gambetta;47,5954235;0,9129736
201900001605;16;8;2019;17:05;1;75;75114;2;4;1;3;BOULEVARD ROMAIN ROLLAND;48,8202094;2,3239812
201900001606;9;6;2019;17:30;1;83;83043;2;1;1;6;lieu dit le moulin;43,2370450;6,3146330
201900001607;4;6;2019;17:30;1;1;01444;1;1;9;6;D 19 PK 2+700;45,8362036;5,4373044