Num_Acc;jour;mois;an;hrmn;lum;dep;com;agg;int;atm;col;adr;lat;long
201900001608;16;8;2019;11:10;1;75;75114;2;2;1;6;BOULEVARD JOURDAN;48,8213962;2,3343745
201900001609;12;8;2019;04:07;5;75;75114;2;2;1;3;AVENUE DU MAINE;48,8368401;2,3232434
201900001610;3;6;2019;14:05;1;47;47048;2;1;1;6;Avenue du Parc des Sports;44,5386850;0,6217380
201900001611;15;6;2019;09:00;1;54;54089;1;1;1;6;D913;48,7851440;6,2803250
201900001612;17;8;2019;19:35;1;75;75113;2;1;2;6;RUE CLISSON;48,8316237;2,3667222
201900001613;31;5;2019;19:15;1;81;81271;1;1;7;2;A 68  PK 027+385  sens  décroissant   echangeur 6;43,7597920;1,7113930
201900001614;16;8;2019;16:00;1;75;75113;2;1;1;2;AVENUE D ITALIE;48,8291571;2,3562258
201900001615;15;8;2019;00:25;5;75;75107;2;3;1;6;QUAI D ORSAY;48,8623324;2,3074885
201900001616;9;6;2019;05:15;3;2A;2A189;1;1;1;3;RD 157 - lieu-dit Tenutella;41,7080410;8,8304550
201900001617;14;8;2019;00:32;5;75;75113;2;3;1;3;QUAI D AUSTERLITZ;48,8430669;2,3663200
201900001618;11;6;2019;10:45;1;87;87157;1;1;2;2;Bussin;45,9386110;1,4586490
201900001619;13;8;2019;07:50;1;75;75112;2;1;1;3;BOULEVARD DIDEROT;48,8470490;2,3843070
201900001620;16;6;2019;23:00;3;86;86276;1;1;1;1;ROUTE DEPARTEMENTALE 741;46,2663810;0,5207580
201900001621;16;8;2019;12:10;1;75;75110;2;2;1;6;RUE DU FAUBOURG SAINT DENIS;48,8795380;2,3572220
201900001622;6;6;2019;17:45;1;2A;2A212;1;1;1;7;D824;42,2406890;8,6043820
201900001623;14;8;2019;16:35;1;75;75110;2;3;1;6;RUE DU CHATEAU LANDON;48,8837850;2,3643510
201900001624;15;6;2019;18:35;1;51;51328;2;1;1;7;RUE D'HARAPE;48,7572700;4,5462174
201900001625;13;8;2019;15:30;1;75;75109;2;3;1;3;RUE LA FAYETTE;48,8765705;2,3465735
201900001626;4;6;2019;04:35;2;1;01359;1;1;1;7;D7B;46,0742740;5,0651610
201900001627;16;8;2019;17:10;1;75;75108;2;1;1;3;RUE D ARTOIS;48,8729510;2,3077990
201900001628;10;6;2019;18:00;1;1;01450;1;1;2;7;RD 984;45,9198412;5,2226969
201900001629;12;8;2019;09:10;1;75;75108;2;7;1;3;PLACE DE L EUROPE;48,8791056;2,3234607
201900001630;16;8;2019;20:05;1;75;75107;2;7;1;3;PLACE DE LA RESISTANCE;48,8624421;2,3019415
201900001631;16;8;2019;12:38;1;75;75107;2;2;1;3;QUAI D ORSAY;48,8624421;2,3019522
201900001632;5;6;2019;15:00;1;62;62534;1;2;1;1;D225;50,7148560;2,1064830
201900001633;16;8;2019;00:01;5;75;75102;2;3;1;3;BOULEVARD POISSONNIERE;48,8708792;2,3467142
201900001634;5;6;2019;05:30;2;62;62837;1;2;1;3;Route Départementale 131;50,6790140;2,0762920
201900001635;18;6;2019;08:50;1;26;26087;2;1;1;2;Route de Parnans;45,0934680;5,1326560
201900001636;15;8;2019;15:45;1;75;75103;2;2;8;3;RUE DES FRANCS BOURGEOIS;48,8586818;2,3587801
201900001637;13;8;2019;16:00;1;75;75102;2;1;1;6;RUE MONTMARTRE;48,8705870;2,3427750
201900001638;6;6;2019;08:00;1;26;26194;2;1;1;1;Route du Poulet;45,1963160;5,0580870
201900001639;13;8;2019;18:20;2;94;94081;2;2;8;3;BERTHIE ALBRECHT (R);48,7990900;2,4114300
201900001640;12;6;2019;13:50;1;38;38336;1;3;1;3;Route du Barrage;45,4925600;4,8285900
201900001641;14;8;2019;17:15;1;94;94078;2;3;1;1;EMILE ZOLA (R);48,7353300;2,4517200
201900001642;4;6;2019;08:07;1;25;25001;1;1;1;3;RD105;47,1436130;5,8891650
201900001643;14;8;2019;18:00;1;94;94042;2;1;1;4;GENERAL GALLIENI (AV DU);48,8199300;2,4782400
201900001644;1;6;2019;07:50;1;66;66144;1;1;1;2;A9, sens Espagne//France, PK 257+200;42,6517480;2,8613910
201900001645;8;6;2019;14:30;1;1;01004;2;1;1;1;rue du clos lebreton;45,9597330;5,3507650
201900001646;14;8;2019;07:50;1;94;94052;2;1;1;6;STRASBOURG (BD DE);48,8341500;2,4768300
201900001647;31;5;2019;20:55;1;1;01004;2;1;1;7;Avenue Roger Salengro;45,9559450;5,3463300
201900001648;16;8;2019;22:50;5;94;94041;2;9;1;1;REPUBLIQUE (AV DE LA);48,8025400;2,3972000
201900001649;9;6;2019;00:00;3;17;17045;1;1;1;6;RD 238;45,8712170; -0,8534170
201900001650;16;6;2019;10:50;1;80;80444;1;1;1;7;A28;50,0502100;1,7989810
201900001651;15;6;2019;20:50;1;60;60157;2;1;1;7;107 Rue de Paris;49,3671200;2,4189580
201900001652;16;8;2019;08:45;1;94;94011;2;3;1;3;SEMARD(RUE PIERRE);48,7620000;2,4780000
201900001653;14;6;2019;03:55;3;2;02017;1;1;1;2;Autoroute A26 CALAIS REIMS PK 191+500;49,6986950;3,4428920
201900001654;15;8;2019;17:15;1;94;94028;2;3;1;6;LECLERC.(RUE DU GENERAL);48,7842300;2,4715500
201900001655;15;8;2019;08:45;1;94;94028;2;1;1;6;CHOISY(ROUTE DE);48,7902200;2,4529700
201900001656;29;5;2019;16:20;1;2;02124;1;1;1;6;Autoroute A26 pk 187+700;49,7276200;3,4094990
201900001657;13;8;2019;12:00;1;94;94028;2;1;1;3;SEBASTIEN(VILLA);48,7892500;2,4652200
201900001658;4;6;2019;08:00;1;16;16050;1;1;1;1;Ld Le Maine Aubrun;45,5855500; -0,1231720
201900001659;12;8;2019;19:40;1;94;94028;2;9;1;7;CHOISY(ROUTE DE);48,7837530;2,4471030
201900001660;14;6;2019;01:30;3;74;74307;1;1;1;4;A410;46,0035210;6,1265880
201900001661;20;6;2019;11:40;1;22;22172;1;3;1;3;RD 19 / D 768;48,5375162; -2,2242192
201900001662;18;6;2019;21:37;1;22;22209;2;1;1;7;rue du colonel pleven;48,5799400; -2,1425700
201900001663;7;6;2019;11:13;1;43;43040;2;1;1;2;Avenue d'Auvergne;45,3036810;3,3783150
201900001664;13;8;2019;21:00;2;94;94022;2;1;1;7;STALINGRAD (BD DE);48,7707170;2,4013730
201900001665;29;5;2019;15:17;1;43;43188;2;1;1;2;le bourg;45,1556736;3,5414600
201900001666;12;8;2019;22:55;3;94;94017;2;9;1;3;JEAN JAURES (R);48,8149820;2,5066010
201900001667;7;6;2019;23:00;3;68;68156;1;1;6;6;D3B3;47,9102500;7,2576250
201900001668;17;8;2019;17:40;1;94;94047;2;6;2;7;VERDUN (R DE);48,7102600;2,5581600
201900001669;7;6;2019;13:30;1;68;68112;2;1;1;7;Rue de l'Église;47,9106430;7,2106180
201900001670;14;8;2019;16:45;1;94;94071;2;1;1;3;MAGELLAN (RUE);48,7726981;2,5039773
201900001671;19;6;2019;00:30;3;86;86050;1;1;1;6;RD24;46,6685100; -0,0036050
201900001672;17;8;2019;17:15;1;94;94002;2;3;2;2;JEAN BAPTISTE CLEMENT (QU);48,7904900;2,4239400
201900001673;6;6;2019;22:15;5;33;33138;2;1;1;6;5 Avenue Justin Luquot;45,0406520; -0,1254110
201900001674;9;6;2019;18:35;1;40;40296;2;2;1;3;Avenue Charles de Gaulle;43,6845650; -1,3752900
201900001675;17;8;2019;19:00;1;93;93078;2;1;2;5;CHEMIN DEPARTEMENTAL;48,9791640;2,5300910
201900001676;7;6;2019;23:10;3;40;40296;1;1;1;1;RD 152, les casernes;43,7181660; -1,4178410
201900001677;17;8;2019;09:15;1;93;93073;2;4;2;6;CHAPIT RE ( RUE DU);49,0024820;2,5369540
201900001678;2;6;2019;06:00;2;40;40296;1;1;1;6;D337;43,7227030; -1,4055470
201900001679;4;6;2019;22:55;5;33;33081;2;2;1;6;allée de lattre de tassigny;44,6362400; -0,3211360
201900001680;12;8;2019;01:00;5;93;93072;2;1;1;3;MARCEL CACHIN (AVENUE) DES N°1 AU 17;48,9577060;2,3824960
201900001681;13;8;2019;18:00;1;93;93066;2;1;8;2;CASANOVA DANIELLE NR 2 A 50 ET 1 A 19;48,9295500;2,3592500
201900001682;13;8;2019;10:00;1;93;93066;2;1;1;6;"""STRASBOURG, NR 1 A 71 ET 2 A 34""";48,9361800;2,3636800
201900001683;1;6;2019;10:40;1;33;33254;1;1;1;2;Bonin Nord;44,5440300; -0,0351900
201900001684;17;8;2019;18:45;1;93;93064;2;1;2;2;QUATRIEME ZOUAVES (RUE DU);48,8719020;2,4750370
201900001685;16;8;2019;18:45;1;93;93064;2;9;1;2;HOFFMANN (RUE PHILIBERT);48,8813130;2,4861020
201900001686;8;6;2019;17:00;1;17;17437;1;2;1;1;Le Caillaud;45,5320936; -0,8920826
201900001687;15;8;2019;04:50;5;93;93051;1;1;8;2;PAVE NEUF (AVENUE);48,8361800;2,5643280
201900001688;8;6;2019;11:15;1;34;34243;1;1;1;3;d 986;43,9101020;3,7366700
201900001689;20;6;2019;08:00;1;6;06161;2;1;1;3;D241;43,6341640;7,1274460
201900001690;13;8;2019;14:30;1;93;93048;2;2;8;3;GABRIEL PERI (AVENUE);48,8574260;2,4400760
201900001691;5;6;2019;10:45;1;6;06161;2;9;1;3;1843-1721 Route Nationale 7;43,6329990;7,1342970
201900001692;17;8;2019;16:00;1;93;93046;2;2;2;2;EUGENE MASSE RUE;48,9260900;2,5450400
201900001693;1;6;2019;23:00;5;6;06161;2;1;1;7;688 Avenue de la Grange Rimade;43,6633220;7,1238090
201900001694;16;8;2019;08:40;1;93;93063;2;1;1;6;BERLIOZ AVENUE;48,8728332;2,4461662
201900001695;3;5;2019;11:08;1;6;06161;2;1;1;2;Avenue des Plans;43,6537280;7,1259480
201900001696;15;8;2019;22:20;5;93;93006;2;5;1;3;CARNOT RUE SADI;48,8762870;2,4260530
201900001697;15;6;2019;17:05;2;74;74238;2;3;3;3;Route des Grandes Alpes;46,2341575;6,6559552
201900001698;16;8;2019;09:24;1;93;93032;2;1;1;3;MONTFERMEIL   (ALLEE DE);48,8986300;2,5372700
201900001699;2;6;2019;15:20;1;74;74295;1;1;1;7;Le Jotty;46,3141794;6,6101319
201900001700;17;8;2019;14:26;1;93;93013;2;1;2;6;LECLERC (AVENU DE LA DIVISION);48,9334600;2,4240600
201900001701;1;6;2019;16:50;1;74;74114;1;1;1;7;Route de Graydon;46,2055140;6,6637830
201900001702;15;8;2019;19:17;1;93;93027;2;1;1;2;JAURES (AVENUE JEAN);48,9256300;2,3977200
201900001703;15;6;2019;23:10;3;988;98812;1;1;1;7;RPN7; -20,5015500;164,2666600
201900001704;18;6;2019;01:20;3;84;84137;1;1;1;6;Avenue Marcel Corneloup;44,2292220;5,0886570
201900001705;14;8;2019;12:35;1;93;93027;2;2;1;2;RENARD (RUE EDOUARD);48,9231830;2,4132420
201900001706;14;8;2019;20:10;1;93;93010;2;1;1;6;POLISSARD (RUE AUGUSTE);48,9053000;2,4804000
201900001707;1;6;2019;14:30;1;84;84069;1;1;1;1;RD 19;44,1734100;5,1312660
201900001708;13;8;2019;18:50;1;93;93008;2;1;8;6;VAILLANT (AVENUE EDOUARD);48,9100000;2,4664000
201900001709;10;6;2019;13:45;1;31;31573;2;2;1;3;Courbenause;43,6483260;1,6529410
201900001710;13;8;2019;16:30;1;93;93007;2;9;2;3;"""PAUL VAILLANT COUTURIER (AVENUE """"DU 01";48,9254200;2,4658700
201900001711;16;6;2019;14:00;1;21;21572;1;1;1;7;A 36 - Bretelle A39 (PR 33);47,1236690;5,3906310
201900001712;13;8;2019;23:15;5;93;93027;2;9;1;6;BLOCH (IMPASSE PRAEGER);48,9276700;2,4163300
201900001713;9;6;2019;16:45;1;81;81321;1;1;1;7;RD 53 P 053+400 sens ANGLES - MAZAMET;43,5508760;2,4535620
201900001714;16;6;2019;11:55;1;81;81311;1;1;1;6;MONTMIRAIL;43,7608930;2,1925500
201900001715;17;8;2019;18:54;1;92;92051;2;2;2;5;SABLONS (BOULEVARD DES);48,8789200;2,2707300
201900001716;16;8;2019;20:00;1;92;92020;2;2;1;3;PERI RUE GABRIEL;48,7997500;2,2856100
201900001717;18;6;2019;11:13;1;77;77141;1;9;1;3;Autoroute A4 PK36.800 Coutevroult;48,8662860;2,8518610
201900001718;1;6;2019;03:35;3;77;77128;1;1;1;2;A4;48,8768610;2,8779100
201900001719;9;6;2019;13:40;1;28;28177;1;1;1;7;Autoroute A11 PK 57+800 Sens PARIS/Province;48,4275790;1,5160477
201900001720;9;6;2019;20:30;1;92;92044;2;1;1;6;CHARLES PASQUA(QUAI) 2 A 30;48,9009381;2,2841129
201900001721;9;6;2019;16:45;1;83;83073;1;1;1;7;N/A;43,3973337;6,3535520
201900001722;13;8;2019;16:45;1;92;92036;2;1;1;2;GRESILLONS (QUAI DES);48,9194100;2,3219900
201900001723;14;8;2019;08:00;1;92;92026;2;9;1;4;PRÉSIDENT PAUL DOUMER (QUAI DU);48,8907800;2,2571120
201900001724;13;8;2019;11:50;1;92;92026;2;3;1;3;VERDUN (DE 01 A 61);48,9013000;2,2599278
201900001725;13;8;2019;16:00;1;92;92025;2;1;1;3;CHARLES DE GAULLE (BD);48,9142810;2,2292805
201900001726;21;7;2019;19:25;1;92;92012;2;1;1;3;ANDRE MORIZET (AVENUE) 1/47 - 2/52;48,8359426;2,2389835
201900001727;13;7;2019;14:35;1;92;92012;2;1;1;6;GENERAL LECLERC (AVENUE DU) 1/33 - 2/58;48,8324973;2,2397593
201900001728;16;8;2019;19:25;2;63;63302;2;4;1;6;Fossé de Macon/Mendes France;45,7072549;3,1261281
201900001729;12;8;2019;09:00;1;49;49069;1;1;1;7;Les Ponciers, LE PONCIER (Bouzillé);47,3433490; -1,0773490
201900001730;10;8;2019;20:50;5;1;01443;2;2;1;3;Avenue Charles de Gaulle;45,9997040;5,0296570
201900001731;16;8;2019;01:55;5;83;83136;2;1;1;6;route du luc;43,4517580;6,3031030
201900001732;15;8;2019;19:20;2;38;38107;1;3;1;1;712 Nationale 7;45,4627694;4,8263025
201900001733;14;8;2019;12:28;1;91;91414;1;1;1;1;D18 PK+PR 04+200;48,3476000;2,0313170
201900001734;15;8;2019;01:22;5;6;06161;2;6;1;7;6007;43,6384630;7,1335166
201900001735;15;8;2019;01:30;5;6;06161;2;6;1;6;RD 241;43,6369676;7,1323392
201900001736;17;8;2019;14:15;1;84;84069;1;1;1;3;RD974;44,1607480;5,1468650
201900001737;25;7;2019;12:50;1;84;84126;1;6;1;3;RD977;44,2051860;5,0223070
201900001738;16;8;2019;11:45;1;31;31547;1;2;1;3;D12 - D50;43,5040470;1,2483680
201900001739;16;8;2019;13:45;1;76;76135;1;1;1;6;A150 pk 17+900;49,5645474;0,9014261
201900001740;14;8;2019;15:55;1;68;68162;1;1;1;7;RD 1 Bis - Sigolsheim;48,1373590;7,3227250
201900001741;16;8;2019;16:30;1;4;04148;1;1;1;7;RD 4085 Le Mousteiret;43,7972230;6,6302870
201900001742;25;10;2019;19:55;5;988;98805;2;1;1;6;R.T.1; -22,1981570;166,4787950
201900001743;18;10;2019;16:00;1;79;79048;1;1;2;4;N/A;46,3471000; -0,2950000
201900001744;18;10;2019;23:55;3;33;33260;1;1;1;2;A63;44,5072600; -0,8424500
201900001745;25;10;2019;08:00;1;6;06004;1;1;1;3;A8 chaussée nord;43,6174960;7,1155140
201900001746;24;10;2019;18:20;2;34;34172;1;1;1;2;A709;43,6048320;3,9298110
201900001747;24;10;2019;19:30;5;13;13058;2;1;1;6;Avenue du Général de Gaulle;43,7151770;4,8052110
201900001748;26;9;2019;08:00;1;27;27469;1;1;2;6;D6015;49,2853450;1,1576690
201900001749;25;10;2019;12:05;1;28;28092;1;1;2;6;A10;48,3649240;1,8811130
201900001750;25;10;2019;15:15;1;78;78349;1;1;1;4;A10;48,5752510;2,0032930
201900001751;15;6;2019;16:00;1;987;98742;1;1;1;6;.; -18,5206910; -136,3477270
201900001752;28;7;2019;17:00;1;987;98731;2;1;1;7;Taipivai - Vallée de Hooumi; -8,8746693; -140,0612104
201900001753;24;10;2019;10:50;1;972;97228;2;1;1;6;Route Departementale 25 Bon Air;14,7478300; -61,0037140
201900001754;24;10;2019;17:45;1;57;57433;2;1;1;3;Rue de MARANGE;49,2083540;6,1542470
201900001755;24;10;2019;18:50;3;73;73097;1;1;1;7;D11;45,5631958;6,0192204
201900001756;18;10;2019;13:23;1;73;73213;2;6;1;6;D5 Rue des Belledonnes;45,5516210;5,9693155
201900001757;24;10;2019;16:50;1;1;01049;2;3;1;2;D1084;45,8458800;5,0388210
201900001758;24;10;2019;07:40;2;1;01376;2;6;2;6;Avenue Maurice-Cusin (Pont);45,8261530;4,9814000
201900001759;23;10;2019;19:10;5;69;69040;2;1;2;6;67 Avenue de Lanessan;45,7954400;4,7921100
201900001760;25;10;2019;17:00;1;31;31381;2;3;1;3;rd 813;43,4634580;1,5684950
201900001761;25;10;2019;19:30;2;17;17038;1;9;1;3;RD 145;45,2004850; -0,3398900
201900001762;24;10;2019;02:00;5;47;47157;2;9;1;6;Boulevard Richard Coeur de Lion;44,4991810;0,1575210
201900001763;24;10;2019;17:30;1;33;33164;1;1;3;3;D8;44,5395300; -0,2876190
201900001764;25;10;2019;11:45;1;50;50597;1;1;2;6;La Durerie - Tirepied;48,7149290; -1,3082510
201900001765;25;10;2019;00:30;5;29;29103;2;6;1;3;20 Rue la Tour d'Auvergne;48,4523810; -4,2468060
201900001766;25;10;2019;12:40;1;27;27161;2;1;8;7;Rue Sainte Suzanne;49,0552770;1,0184210
201900001767;24;10;2019;17:15;1;76;76321;2;3;3;3;route de dieppe;49,7817170;1,2336050
201900001768;25;10;2019;15:00;1;60;60589;1;6;1;2;D44;49,2057890;2,4629820
201900001769;25;10;2019;17:40;1;60;60141;2;6;1;6;Avenue de la Plaine des Aigles;49,1892780;2,4802720
201900001770;25;10;2019;17:25;1;80;80467;1;1;1;1;D930;49,6673250;2,7488960
201900001771;2;10;2019;13:15;1;80;80322;1;9;1;1;D1017;49,7716780;2,8193090
201900001772;25;10;2019;08:10;1;80;80521;1;1;1;3;A1;49,9800270;2,8671200
201900001773;6;10;2019;10:20;1;13;13071;1;1;1;4;A51-Sens Marseille vers Aix en Provence;43,4167900;5,3655100
201900001774;18;10;2019;19:20;2;69;69029;1;1;2;3;RD383   7.640 A 11.044;45,7389600;4,9042300
201900001775;18;10;2019;06:25;5;69;69115;1;1;2;6;A6   427.300 A 428.640;45,9733000;4,7337900
201900001776;19;10;2019;21:20;3;69;69272;1;1;1;2;A46S   57.400 A 61.010;45,5939600;4,8466500
201900001777;24;10;2019;09:00;1;33;33550;1;1;1;3;ROCADE A 630;44,7777100; -0,5594100
201900001778;24;10;2019;07:50;1;33;33013;1;1;2;4;ROUTE NATIONALE 230;44,8622900; -0,5039000
201900001779;24;10;2019;17:45;1;91;91064;1;1;1;3;RN 118;48,7482000;2,1987200
201900001780;24;10;2019;09:30;1;94;94003;1;1;1;4;AUTOROUTE A6A;48,8026000;2,3418000
201900001781;23;10;2019;17:00;1;93;93008;1;1;1;2;AUTOROUTE A86;48,9117750;2,4395660
201900001782;23;10;2019;14:30;1;92;92036;1;1;1;2;AUTOROUTE A86;48,9378311;2,2974755
201900001783;23;10;2019;09:20;1;93;93010;1;1;1;2;AUTOROUTE A3;48,9127900;2,4765600
201900001784;22;10;2019;18:40;1;93;93008;1;1;1;3;AUTOROUTE A86;48,9107500;2,4420200
201900001785;22;10;2019;13:40;1;95;95424;1;1;5;7;AUTOROUTE A15;48,9924700;2,1882000
201900001786;24;10;2019;20:00;4;77;77373;1;1;1;2;RN104;48,7888000;2,6176000
201900001787;24;10;2019;20:00;5;94;94065;1;1;1;4;A86 EXT;48,7540000;2,3507500
201900001788;24;10;2019;08:00;2;94;94018;1;1;1;4;A4;48,8176000;2,4188000
201900001789;24;10;2019;07:40;3;94;94018;1;1;1;2;A4;48,8175600;2,4221900
201900001790;22;10;2019;20:45;3;94;94018;1;1;1;2;A4;48,8182579;2,4107479
201900001791;22;10;2019;20:00;3;94;94073;1;1;1;4;A86 EXT;48,7667000;2,3833000
201900001792;21;10;2019;17:45;1;71;71153;2;7;1;1;VILAR (RUE JEAN);46,7849000;4,4347200
201900001793;22;10;2019;17:25;1;50;50532;1;2;1;3;CROISSANT (ROUTE DU);48,8154060; -1,5474000
201900001794;23;10;2019;09:30;1;13;13211;1;1;8;6;Sens Aubagne vers Marseille;43,2870500;5,4358800
201900001795;21;10;2019;19:25;4;93;93005;1;1;1;5;AUTOROUTE A3;48,9601800;2,4735200
201900001796;20;10;2019;22:15;4;93;93053;1;1;2;6;AUTOROUTE A3;48,8957000;2,4709000
201900001797;23;10;2019;18:17;4;976;97611;2;1;1;6;kaweni-Kaweni nord ( Z I ); -12,7613600;45,2263800
201900001798;23;10;2019;13:10;1;974;97416;1;2;1;3;SAINT-EXPEDIT (RUE); -21,3455930;55,4836770
201900001799;23;10;2019;17:10;1;974;97409;2;3;1;5;DE LA GARE(RUE); -20,9614200;55,6564790
201900001800;24;10;2019;00:00;5;69;69386;2;1;3;6;MARECHAL DE SAXE                    (R );45,7662500;4,8444100
201900001801;23;10;2019;16:30;1;69;69387;2;2;2;6;BERTHELOT                           (AV);45,7478200;4,8336100
201900001802;23;10;2019;13:45;1;972;97213;1;1;1;3;PLACE D'ARMES;14,6121700; -60,9917200
201900001803;22;10;2019;11:45;1;69;69389;2;1;2;1;DOCTEURS CORDIER (DES)              (R );45,8014600;4,8287200
201900001804;11;10;2019;17:29;1;971;97101;2;1;1;6;MORNE VERGAIN;16,2543000; -61,5229600
201900001805;22;10;2019;12:25;1;91;91215;1;9;1;5;QUINCY (RUE DE);48,6847000;2,5154000
201900001806;21;10;2019;19:09;5;87;87085;2;2;1;3;PETIT TOUR (RUE DU);45,8317000;1,2489300
201900001807;21;10;2019;09:10;1;85;85194;2;6;1;6;BOULEVARD DU VENDEE GLOBE ;46,4998500; -1,7569100
201900001808;23;10;2019;03:50;5;85;85194;2;6;2;7;AVENUE DE TALMONT ;46,4895900; -1,7502500
201900001809;21;10;2019;19:40;2;80;80021;2;3;1;6;VERDUN (RUE DE );49,8939600;2,3115300
201900001810;18;10;2019;16:25;1;78;78640;2;1;1;2;LOUIS BREGUET (AVENUE);48,7818600;2,1822500
201900001811;23;10;2019;07:00;5;77;77438;2;4;1;4;D418 X AV DES JONCS;48,8698500;2,6817100
201900001812;23;10;2019;18:10;2;74;74305;2;3;2;1;MONTREAL (RUE DE);46,2057440;6,2834730
201900001813;23;10;2019;11:20;1;64;64140;2;1;8;7;GLIZE (RUE RAYMOND ET MARCEL);43,5154000; -1,4795700
201900001814;23;10;2019;08:10;1;63;63113;2;1;1;2;CHATEAUDUN (RUE DE);45,7825000;3,0982500
201900001815;22;10;2019;12:30;1;63;63113;2;1;1;2;MOULIN (BD JEAN);45,7732300;3,1207700
201900001816;22;10;2019;11:00;1;62;62193;2;2;1;3;CURIE (BOULEVARD);50,9395300;1,8628600
201900001817;22;10;2019;07:55;2;60;60057;2;2;5;3;JEAN MERMOZ (AVENUE);49,4370300;2,0751700
201900001818;23;10;2019;08:25;1;59;59009;2;6;1;3;MONS BOULEVARD DE;50,6460000;3,1290000
201900001819;13;10;2019;11:06;1;59;59350;2;9;1;6;LAMBRET OSCAR AVENUE;50,6148208;3,0356061
201900001820;7;10;2019;16:28;1;59;59017;2;1;1;6;FAIDHERBE (BD );50,6866300;2,8674300
201900001821;23;10;2019;09:45;1;56;56098;2;6;1;2;LECLERC (RUE  GENERAL );47,7630700; -3,3495500
201900001822;22;10;2019;17:35;1;56;56098;1;1;1;4;RN 165;47,7763800; -3,3624300
201900001823;18;10;2019;15:00;1;54;54395;2;1;1;7;LORRAIN (QUAI CLAUDE LE);48,6996700;6,1695200
201900001824;22;10;2019;10:25;1;51;51108;2;1;8;7;RUE EMILE SCHMIT;48,9667500;4,3600900
201900001825;23;10;2019;08:35;2;50;50218;2;9;2;6;MATIGNON (AV DES);48,8379000; -1,5834000
201900001826;22;10;2019;07:00;5;50;50129;2;1;5;4;ABBAYE (RUE DE L');49,6459800; -1,6397100
201900001827;23;10;2019;09:40;1;50;50129;2;1;1;6;FOURCHES (ROUTE DES);49,6372200; -1,6506200
201900001828;21;10;2019;08:50;1;50;50129;2;1;8;2;TANNERIES (RUE DES);49,6329100; -1,6230000
201900001829;24;10;2019;19:00;2;49;49099;2;1;1;6;MINEE(BOULEVARD DE LA);47,0551800; -0,8600900
201900001830;23;10;2019;19:25;4;45;45285;2;1;1;6;AV P MENDES FRANCE;47,9047000;1,8660500
201900001831;23;10;2019;16:52;1;45;45232;1;1;9;3;RUE DE LA REINE BLANCHE;47,8738906;1,8811961
201900001832;23;10;2019;07:00;5;44;44109;2;9;1;6;BOULEVARD ROBERT SCHUMAN;47,2416000; -1,5734800
201900001833;23;10;2019;08:40;1;37;37208;2;1;8;6;BEAUGAILLARD (AVENUE);47,3649415;0,7186116
201900001834;23;10;2019;20:45;3;35;35238;2;5;1;1;SAINT-BRIEUC (DE);48,1164200; -1,7100000
201900001835;24;10;2019;02:10;5;33;33063;2;3;2;3;CRS VICTOR HUGO  - VTA = VTC;44,8356790; -0,5681300
201900001836;22;10;2019;16:50;1;33;33039;2;4;3;2;ALL DES QUATRE CASTERA;44,8111900; -0,5336400
201900001837;23;10;2019;09:50;1;32;32013;2;1;1;6;JEAN JAURES (AVENUE);43,6641600;0,5974500
201900001838;23;10;2019;00:30;5;31;31555;2;1;3;1;AV M BOURGES MAUNOURY;43,6296500;1,4495900
201900001839;23;10;2019;16:40;1;30;30007;2;1;3;7;LUMIERES (AVE DES FRERES);44,1396700;4,0893100