Num_Acc;jour;mois;an;hrmn;lum;dep;com;agg;int;atm;col;adr;lat;long
201900001840;23;10;2019;15:35;1;29;29232;2;1;2;3;LUZEL RUE;47,9960400; -4,0998700
201900001841;20;10;2019;14:50;1;29;29232;2;1;1;7;LIMERICK AVENUE DE;47,9869800; -4,0915100
201900001842;18;10;2019;13:00;1;29;29232;2;6;1;6;MENEZ EDOUARD  ROND POINT;48,0154000; -4,0821000
201900001843;22;10;2019;12:15;1;13;13026;1;9;1;2;RN 568 CLM;43,3900600;5,1675800
201900001844;23;10;2019;19:10;5;13;13202;2;2;3;6;DAMES (BOULEVARD DES);43,3029062;5,3676313
201900001845;23;10;2019;15:30;1;13;13213;2;1;3;2;ROSE (AVENUE DE LA);43,3260674;5,4205459
201900001846;23;10;2019;14:10;1;13;13211;1;1;2;6;JEAN LOMBARD (AVENUE);43,2889770;5,4338270
201900001847;21;10;2019;18:00;1;13;13215;2;1;3;5;GARE (BOULEVARD DE LA) ;43,3580400;5,3657300
201900001848;23;10;2019;10:35;1;13;13213;2;1;8;3;VALLON VERT (CHEMIN DU);43,3349200;5,4515200
201900001849;22;10;2019;19:55;5;13;13211;2;1;1;2;PINEDE (RUE DE LA);43,2926900;5,4285800
201900001850;22;10;2019;08:10;1;5;05061;2;1;2;4;FOREST D'ENTRAIS ( RUE  DU );44,5647800;6,0864700
201900001851;22;10;2019;19:15;5;75;75120;2;1;1;6;BD PERIPHERIQUE INTERIEUR;48,8572400;2,4140250
201900001852;22;10;2019;17:40;1;75;75116;2;1;1;4;BD PERIPHERIQUE EXTERIEUR;48,8620140;2,2643930
201900001853;21;10;2019;16:30;1;75;75112;2;1;1;2;BD PERIPHERIQUE INTERIEUR;48,8308143;2,4028080
201900001854;23;10;2019;20:32;3;75;75112;2;1;1;3;AVENUE DE NOGENT;48,8443575;2,4414997
201900001855;22;10;2019;20:20;5;75;75114;2;3;8;3;AVENUE PAUL VAILLANT COUTURIER;48,8169835;2,3321307
201900001856;23;10;2019;11:50;1;75;75119;2;1;8;3;RUE DU MAROC;48,8862304;2,3698221
201900001857;23;10;2019;17:10;1;75;75118;2;1;8;3;BOULEVARD NEY;48,8986751;2,3670130
201900001858;23;10;2019;16:00;1;75;75118;2;5;2;3;RUE MARCADET;48,8912100;2,3396426
201900001859;23;10;2019;14:30;1;75;75110;2;2;8;6;QUAI DE JEMMAPES;48,8732275;2,3642030
201900001860;23;10;2019;10:38;1;75;75118;2;3;8;3;RUE MARX DORMOY;48,8868300;2,3596900
201900001861;23;10;2019;16:50;1;75;75117;2;2;2;3;RUE RENNEQUIN;48,8813090;2,2985350
201900001862;23;10;2019;17:00;1;75;75117;2;3;1;6;BOULEVARD DE COURCELLES;48,8786745;2,3008495
201900001863;22;10;2019;09:30;1;75;75108;2;1;1;3;BOULEVARD DE COURCELLES;48,8793707;2,3041734
201900001864;22;10;2019;17:50;1;75;75116;2;7;1;2;PLACE DE COLOMBIE;48,8631674;2,2685777
201900001865;22;10;2019;17:20;1;75;75115;2;1;1;6;BOULEVARD PASTEUR;48,8392271;2,3163333
201900001866;23;10;2019;08:45;1;75;75114;2;3;1;3;AVENUE DU GENERAL LECLERC;48,8308010;2,3293970
201900001867;23;10;2019;10:45;1;75;75113;2;1;8;6;BOULEVARD MASSENA;48,8239679;2,3767372
201900001868;22;10;2019;22:32;5;75;75113;2;5;1;3;RUE BOBILLOT;48,8258116;2,3503620
201900001869;23;10;2019;11:50;1;75;75112;2;7;1;3;AVENUE DU TRONE;48,8481109;2,3974879
201900001870;23;10;2019;18:30;5;75;75110;2;2;1;3;RUE DE LANCRY;48,8698630;2,3607300
201900001871;23;10;2019;21:40;3;75;75108;2;1;1;3;VOIE GEORGES POMPIDOU;48,8645733;2,3039737
201900001872;23;10;2019;09:45;1;75;75108;2;3;1;2;BOULEVARD MALESHERBES;48,8800984;2,3134602
201900001873;23;10;2019;14:20;1;75;75103;2;1;1;6;RUE DES FRANCS BOURGEOIS;48,8578900;2,3603000
201900001874;22;10;2019;15:40;1;94;94078;2;1;2;2;PARIS (R DE);48,7311700;2,4467100
201900001875;23;10;2019;19:00;3;94;94003;2;1;1;4;PAUL VAILLANT COUTURIER (AV);48,8000000;2,3400000
201900001876;23;10;2019;02:50;5;94;94076;2;1;1;7;JEAN JAURES (R);48,7927000;2,3665000
201900001877;21;10;2019;19:30;5;94;94011;2;2;1;3;PARIS(AVENUE DE);48,7741855;2,4818347
201900001878;23;10;2019;13:30;1;94;94079;2;1;1;3;ANDRE ROUY (R);48,8228500;2,5504400
201900001879;23;10;2019;12:23;1;93;93078;2;2;1;3;ROUX (RUE DU DOCTEUR);48,9509000;2,5559000
201900001880;23;10;2019;07:19;4;93;93053;2;7;1;6;STAINS (ROUTE DE);48,9046890;2,4701910
201900001881;23;10;2019;08:00;2;93;93014;2;1;8;6;JEAN MOULIN (AVENUE);48,9082500;2,5549600
201900001882;23;10;2019;18:20;2;93;93010;2;2;1;5;BLANQUI (R. LOUIS-AUGUSTE) DE 32 A 134 C;48,8981700;2,4896800
201900001883;23;10;2019;14:28;1;93;93008;2;1;1;3;JAURES (AVENUE JEAN);48,8988300;2,4420900
201900001884;23;10;2019;21:15;3;93;93001;2;1;1;2;ADRIEN AGNES (QUAI);48,9184200;2,3692300
201900001885;23;10;2019;21:20;5;92;92062;2;1;1;3;GENERAL DE GAULLE (AV) DU 63 AU 107;48,8875000;2,2325000
201900001886;23;10;2019;11:15;1;92;92035;2;1;1;6;Voltaire ( rue );48,9069300;2,2448000
201900001887;6;9;2019;13:50;1;9;09209;1;1;1;6;Audinac les Bains;43,0073400;1,1827320
201900001888;24;10;2019;09:00;1;54;54235;1;1;1;6;D55;48,4882040;6,0148370
201900001889;14;10;2019;15:25;1;76;76245;1;1;1;2;A151;49,5487730;1,0411350
201900001890;24;10;2019;07:50;1;974;97422;2;1;1;6;4 Chemin de l'Hermitage; -21,2643260;55,5079230
201900001891;20;10;2019;00:30;5;972;97220;2;1;1;1;chevalier;14,4885820; -60,9044930
201900001892;23;10;2019;16:50;1;62;62361;2;3;1;3;Avenue Philippe Lebas;50,2765460;2,2833670
201900001893;24;10;2019;11:40;1;51;51380;1;1;8;7;RD 41;48,9083228;3,5562406
201900001894;20;10;2019;21:40;3;56;56022;1;1;1;6;La Forêt;47,8010680; -2,9090670
201900001895;23;10;2019;17:20;1;69;69169;1;1;3;1;D98;45,9890090;4,3996820
201900001896;18;10;2019;10:40;1;81;81120;2;6;1;6;Place de l'Europe;43,5384854;2,2633694
201900001897;24;10;2019;07:30;3;49;49143;1;3;1;3;Chenaie;47,6158310; -0,1596990
201900001898;22;10;2019;14:18;1;12;12042;1;4;3;1;D25;43,9521080;2,7601070
201900001899;18;10;2019;07:55;2;44;44072;1;2;1;3;Route des Marais;47,4110460; -2,3504790
201900001900;23;10;2019;07:25;3;44;44072;1;1;2;1;D33;47,4489080; -2,2989160
201900001901;24;10;2019;17:15;1;38;38389;1;2;1;3;D518;45,5560500;5,0977200
201900001902;14;10;2019;13:00;1;2;02179;2;1;1;1;6 Rue de Fismes;49,2612110;3,6133150
201900001903;24;10;2019;07:30;2;3;03110;1;1;1;5;N/A;46,1233520;3,3560326
201900001904;23;10;2019;20:45;5;1;01147;2;1;1;6;D1;46,4199560;5,2960460
201900001905;24;10;2019;08:00;2;14;14675;1;1;2;1;D230;49,1290610; -0,2975760
201900001906;24;10;2019;05:27;3;45;45306;1;1;1;3;D2060;48,0183970;2,8853350
201900001907;23;10;2019;16:00;1;64;64371;2;1;8;6;36 rue Victor Hugo;43,2208915; -0,8878753
201900001908;24;10;2019;14:35;1;73;73114;1;1;2;1;D1212;45,8230291;6,5335659
201900001909;23;10;2019;19:20;3;18;18221;1;1;6;7;D35;46,8056140;2,3927510
201900001910;23;10;2019;12:35;1;40;40288;1;4;1;2;1628 Route du Jay;44,0185690; -0,3439350
201900001911;23;10;2019;23:40;3;30;30004;1;1;2;6;N113;43,7167690;4,2022440
201900001912;24;10;2019;10:05;1;48;48092;2;1;1;6;17 Avenue Théophile Roussel;44,5579680;3,2909180
201900001913;23;10;2019;15:10;1;49;49193;1;1;1;6;D15;47,1592890; -0,8945400
201900001914;23;10;2019;09:40;1;91;91045;1;1;1;4;D17;48,5416740;2,3872310
201900001915;23;10;2019;20:28;3;67;67125;1;1;1;4;Autoroute A35 PK 432.200 sens Strasbourg / Colmar;48,3353480;7,4991320
201900001916;23;10;2019;07:45;2;69;69112;1;1;2;6;A89  (Embranchement d'autoroute);45,8215900;4,6892000
201900001917;19;10;2019;13:00;1;6;06088;1;1;3;3;A8 - PK 198+500 NORD;43,7337390;7,2405610
201900001918;22;10;2019;19:00;5;33;33005;2;2;2;3;Rue Jean Sachetti;44,7469900; -1,0896720
201900001919;23;10;2019;08:20;1;988;98821;1;1;2;1;R.T.1; -22,0883300;166,3195100
201900001920;12;10;2019;12:10;1;977;97701;2;1;1;7;rt46 - tourterelle;17,8932790; -62,8372440
201900001921;24;10;2019;16:00;1;37;37027;1;1;2;3;11 Rue des Grandes Fontaines;47,3251230;0,9460200
201900001922;20;10;2019;19:25;3;28;28062;1;1;2;1;57 Rue Georges Bréant;48,7631100;1,5223990
201900001923;22;10;2019;19:30;5;91;91200;2;3;1;3;Avenue Pierre Mendes France;48,5275400;2,0281630
201900001924;29;11;2019;12:40;1;16;16320;1;2;7;3;Intersection RD11 / RD 19;45,7623050;0,0354300
201900001925;28;11;2019;17:45;2;33;33056;2;2;1;1;Avenue du Général de Gaulle;44,9074430; -0,6392950
201900001926;29;11;2019;16:15;1;85;85097;1;1;1;5;D6;46,9313900; -1,1030300
201900001927;28;11;2019;17:20;2;44;44052;2;1;1;6;La Lande des 3 Pointes;47,3449961; -2,0706043
201900001928;28;11;2019;11:00;1;76;76647;2;1;1;6;Rue Félix Faure;49,5298320;0,3578930
201900001929;28;11;2019;19:45;3;60;60045;1;1;2;2;Route de Crépy;49,2154470;2,6669810
201900001930;29;11;2019;17:50;5;62;62014;2;1;2;3;Rue du Portugal;50,6329960;2,4134710
201900001931;28;11;2019;17:35;5;13;13071;1;1;1;2;A7-Sens Marseille vers Lyon;43,4035900;5,3089860
201900001932;28;11;2019;05:45;3;13;13106;1;1;1;7;A7-Sens Lyon vers Marseille;43,3989700;5,3493800
201900001933;27;11;2019;21:00;3;13;13215;1;1;1;6;A7-Sens Lyon vers Marseille;43,3535050;5,3647720
201900001934;28;11;2019;10:30;1;33;33096;1;1;1;3;AUTOROUTE A 10;44,9094000; -0,4894200
201900001935;28;11;2019;08:50;1;33;33013;1;1;1;3;ROUTE NATIONALE 230;44,8502200; -0,5039000
201900001936;27;11;2019;23:50;5;33;33487;1;1;3;2;AUTOROUTE A 10;44,9538800; -0,4569700
201900001937;28;11;2019;17:45;3;77;77384;1;1;1;5;AUTOROUTE A5A;48,6035000;2,5935000
201900001938;26;11;2019;18:15;3;91;91340;1;1;1;5;AUTOROUTE A6;48,5964000;2,4418000
201900001939;28;11;2019;07:45;1;78;78158;1;1;1;3;A13;48,8321000;2,1401000
201900001940;26;11;2019;19:15;3;92;92064;1;1;1;4;A13;48,8397123;2,1992775
201900001941;27;11;2019;19:20;3;93;93048;1;1;1;3;AUTOROUTE A86;48,8668300;2,4814600
201900001942;27;11;2019;16:40;2;95;95582;1;1;2;6;AUTOROUTE A15;48,9635200;2,2639300
201900001943;27;11;2019;07:45;2;95;95306;1;1;2;2;AUTOROUTE A15;49,0020800;2,1712300
201900001944;26;11;2019;19:47;4;95;95424;1;1;1;2;AUTOROUTE A15;48,9905900;2,1952800
201900001945;28;11;2019;19:00;2;77;77258;1;1;1;3;RN104;48,8248750;2,6157140
201900001946;27;11;2019;09:40;1;34;34172;2;1;1;3;TOULOUSE (AVENUE DE;43,5850800;3,8508300
201900001947;27;11;2019;08:20;1;34;34172;2;1;1;3;TOULOUSE (AVENUE DE;43,5868500;3,8530300
201900001948;27;11;2019;07:45;1;34;34198;1;1;1;3;FOIRE (ROUTE DE LA);43,5739700;3,9472400
201900001949;25;11;2019;13:20;1;34;34172;2;1;1;6;MARIE DE MONTPELLIER;43,6014300;3,8987700
201900001950;25;11;2019;18:00;5;6;06027;1;1;1;2;GARE AVENUE DE LA;43,6543530;7,1447960
201900001951;24;11;2019;18:10;3;93;93006;1;1;1;6;AUTOROUTE A3;48,8662700;2,4227900
201900001952;27;11;2019;13:20;1;974;97416;1;6;1;1;ROND POINT DE LA BALANCE; -21,3254190;55,4860900
201900001953;27;11;2019;17:30;5;69;69199;2;1;1;4;MARCEL SEMBAT                       (R );45,7104100;4,8473800
201900001954;27;11;2019;12:00;1;69;69388;2;1;8;2;PROFESSEUR CALMETTE (DU)            (R );45,7431550;4,8769000
201900001955;27;11;2019;14:40;1;69;69034;2;2;1;6;COSTE                               (R );45,7834000;4,8329300
201900001956;26;11;2019;12:00;1;69;69389;2;1;1;6;BOURBONNAIS (DU)                    (R );45,7735300;4,7986000
201900001957;27;11;2019;10:00;1;69;69034;2;1;8;6;JEAN PETIT                          (CH);45,8041200;4,8602900
201900001958;27;11;2019;07:50;1;971;97105;1;1;1;6;GASTON FEUILLARD(AVENUE);15,9995000; -61,7215000
201900001959;24;11;2019;07:40;2;91;91228;2;1;1;7;CHAMPS ELYSEES(BD) N°180 ET +N°71+;48,6315100;2,4247900
201900001960;27;11;2019;20:00;5;91;91174;2;1;8;3;BAS COUDRAY(RUE);48,6032780;2,4871200
201900001961;25;11;2019;18:13;5;87;87085;1;1;2;4;AUTOROUTE A20;45,8476000;1,2767500
201900001962;25;11;2019;18:30;2;87;87085;2;1;1;3;MAS-LOUBIER (RUE DU);45,8385200;1,2526100
201900001963;26;11;2019;18:10;5;80;80021;2;1;1;6;PAUL CLAUDEL (AVENUE);49,8744700;2,2673600
201900001964;25;11;2019;18:40;4;78;78646;2;2;1;6;PARIS (AVENUE DE);48,7985700;2,1439200
201900001965;22;11;2019;21:30;5;77;77296;2;1;2;6;EUROPE(AVENUE DE L');48,6290020;2,5768030
201900001966;26;11;2019;20:20;3;77;77335;1;2;2;3;N3 X D129;48,9574700;2,8498300
201900001967;26;11;2019;16:45;1;76;76498;2;1;1;2;KENNEDY. RUE DU PRESIDENT;49,4317400;1,0702000
201900001968;26;11;2019;11:40;1;76;76484;2;1;1;6;CARNOT. RUE SADI;49,3422000;1,0912700
201900001969;25;11;2019;17:30;5;76;76351;2;6;1;3;IRENE JOLIOT CURIE (RUE);49,5318400;0,1031600
201900001970;27;11;2019;19:45;3;74;74298;2;1;2;3;TANINGES (ROUTE DE );46,1897900;6,2621400
201900001971;27;11;2019;07:40;4;74;74012;2;1;3;6;BONNEVILLE (ROUTE DE);46,1823548;6,2381617
201900001972;26;11;2019;17:15;4;71;71270;2;1;1;6;PROVENCE (RUE DE);46,3168400;4,8325400
201900001973;27;11;2019;06:50;5;69;69275;2;2;1;3;CARNOT                              (R );45,7632400;4,9705900
201900001974;19;11;2019;10:10;1;68;68297;2;1;1;7;BALE ( AVE DE)FRONTIERE;47,5779850;7,5711460
201900001975;26;11;2019;18:53;3;66;66136;2;1;1;2;R D 900;42,6804200;2,8743900
201900001976;27;11;2019;17:55;2;65;65440;2;5;1;6;CORPS FRANC POMMIES (IMPASSE DU);43,2365970;0,0552010
201900001977;27;11;2019;16:35;1;64;64445;2;6;1;6;PAIX;43,3210600; -0,3585900
201900001978;27;11;2019;13:40;1;64;64132;2;1;1;3;AVIATION, Bd;43,3054400; -0,3286100
201900001979;25;11;2019;13:55;1;57;57757;2;1;1;6;PASTEUR (RUE);49,3473300;6,1851000
201900001980;25;11;2019;15:40;1;56;56121;2;1;1;6;COMBES (RUE  EMILE );47,7569400; -3,3727500
201900001981;25;11;2019;13:05;1;54;54395;2;2;1;1;LEOPOLD (COURS);48,6970500;6,1756440
201900001982;27;11;2019;12:30;1;51;51454;2;1;1;2;BOULEVARD DES BELGES;49,2763057;4,0267351
201900001983;26;11;2019;17:37;5;45;45004;2;3;1;3;R DE LA NIVELLE - ACCES D2060;47,9848102;2,7492141
201900001984;27;11;2019;07:00;5;44;44109;2;1;2;6;BD MARTYRS N. DE LA RESISTANCE;47,2048900; -1,5470400
201900001985;27;11;2019;17:34;5;41;41018;2;1;1;6;FOIX (QUAI DU);47,5812600;1,3283800
201900001986;25;11;2019;21:35;5;37;37261;2;2;2;3;RENAULT (RUE DU GAL);47,3797300;0,6773800
201900001987;27;11;2019;19:15;5;37;37214;2;1;1;6;DE GAULLE (BD CHARLES);47,4177118;0,6655841
201900001988;27;11;2019;08:00;5;37;37261;2;1;2;7;GILLES (RUE CHARLES);47,3884900;0,6904100
201900001989;26;11;2019;07:50;2;37;37122;2;1;2;6;MONNET (RUE JEAN);47,3383900;0,6577500
201900001990;25;11;2019;18:14;5;36;36044;2;1;9;6;PASSAGE PIETON RUE DU 11 NOVEMBRE;46,8061553;1,7046295
201900001991;22;11;2019;18:20;5;36;36044;2;2;1;3;AVENUE DE VERDUN;46,7962500;1,6988500
201900001992;27;11;2019;11:30;1;35;35238;2;1;1;6;LYONNAIS (DU);48,1236200; -1,7081200
201900001993;26;11;2019;19:40;5;33;33063;2;3;1;3;AVE DE LABARDE;44,8827300; -0,5507200
201900001994;26;11;2019;18:30;5;33;33162;2;1;1;6;AVE DU MEDOC;44,8845000; -0,6351200
201900001995;26;11;2019;07:55;1;33;33318;2;6;1;6;AVE ROGER COHE;44,8128700; -0,6348500
201900001996;26;11;2019;01:35;5;33;33063;2;6;9;6;AVE DES TROIS CARDINAUX;44,8881800; -0,5599200
201900001997;27;11;2019;05:30;5;31;31555;2;1;1;3;BD DE LA MARQUETTE;43,6154800;1,4353800
201900001998;26;11;2019;17:45;5;31;31555;2;1;1;6;BD LASCROSSES;43,6114000;1,4384600
201900001999;27;11;2019;13:25;1;30;30007;2;1;1;2;GOUBERT (AVE DOCTEUR JEAAN);44,1429993;4,0927063
201900002000;26;11;2019;09:10;1;27;27375;2;6;1;2;GRIL (RUE DU);49,2126700;1,1735100
201900002001;26;11;2019;15:42;1;24;24037;1;1;2;1;N1021 (rocade RN21-D660);44,8312000;0,5231600
201900002002;26;11;2019;20:10;5;21;21231;2;2;1;3;MARECHAL GALLIENI (BOULEVARD);47,3397580;5,0420450
201900002003;27;11;2019;18:40;2;17;17415;1;1;1;3;RD 137;45,7205700; -0,6374400
201900002004;27;11;2019;16:00;1;17;17291;1;1;2;5;RN 11;46,1733800; -1,1155700
201900002005;27;11;2019;08:30;1;14;14118;2;6;8;3;GUILLOU (BOULEVARD YVES);49,1718900; -0,3847400
201900002006;23;11;2019;15:35;1;14;14030;2;1;3;7;CD N°126;49,2118500; -0,4255800
201900002007;27;11;2019;19:10;5;13;13211;2;1;1;3;CAMOINS ((RUE LES);43,3012320;5,5055690
201900002008;27;11;2019;17:21;1;13;13216;2;1;1;6;LITTORAL (CHEMIN DU);43,3507000;5,3409800
201900002009;27;11;2019;17:15;1;13;13216;2;6;1;1;LITTORAL (CHEMIN DU);43,3533400;5,3369400
201900002010;27;11;2019;07:15;2;13;13201;2;3;2;3;DUGOMMIER (BOULEVARD)     1 A 29;43,2970600;5,3810200
201900002011;26;11;2019;19:00;5;13;13210;2;1;1;6;VERDILLON (RUE);43,2755200;5,4241100
201900002012;26;11;2019;08:50;1;13;13063;1;1;1;5;RN 1569 LA TRANSHUMANCE;43,5416900;4,9561600
201900002013;27;11;2019;09:30;1;13;13001;1;1;1;2;RD9;43,5061400;5,4027900
201900002014;23;11;2019;13:20;1;11;11262;2;9;1;3;CREISSEL (BOULEVARD DE);43,1781700;3,0277000
201900002015;27;11;2019;13:50;1;9;09122;2;3;1;3;LECLERC (AVENUE DU GENERAL);42,9768600;1,6089570
201900002016;27;11;2019;06:45;2;7;07281;1;9;2;6;Avenue du Puy en Velay;44,9405620;4,8332120
201900002017;27;11;2019;13:15;1;6;06069;2;1;1;6;CAPUCINS (CHEMIN ET IMPASSE DES);43,6499130;6,9315670
201900002018;26;11;2019;12:25;1;6;06069;1;1;1;7;NAPOLEON (ROUTE);43,6759430;6,9010700
201900002019;27;11;2019;16:30;2;6;06027;2;1;1;6;FRANCE ROUTE DE;43,6623360;7,1314790
201900002020;26;11;2019;12:05;1;6;06027;2;9;1;3;BESSET AVENUE CYRILLE;43,6596370;7,1580410
201900002021;26;11;2019;21:53;5;5;05061;2;6;1;7;EMILE DIDIER ( AV );44,5674400;6,0968700
201900002022;26;11;2019;07:10;5;5;05061;2;1;1;7;JEAN JAURES ( AVENUE );44,5545900;6,0742900
201900002023;27;11;2019;15:50;1;75;75119;2;1;1;3;BD PERIPHERIQUE INTERIEUR;48,9002230;2,3820050
201900002024;27;11;2019;04:50;5;75;75115;2;1;8;6;BD PERIPHERIQUE EXTERIEUR;48,8340829;2,2763089
201900002025;27;11;2019;03:13;5;75;75111;2;3;1;6;BOULEVARD VOLTAIRE;48,8605575;2,3754823
201900002026;26;11;2019;02:54;5;75;75109;2;3;1;3;BOULEVARD POISSONNIERE;48,8710453;2,3457420
201900002027;27;11;2019;13:19;1;75;75105;2;2;2;6;RUE SOUFFLOT;48,8470982;2,3419551
201900002028;27;11;2019;20:32;5;75;75120;2;1;1;1;RUE DE BELLEVILLE;48,8745444;2,3866577
201900002029;27;11;2019;06:30;5;75;75119;2;1;9;6;RUE JULES ROMAINS;48,8735682;2,3777944
201900002030;27;11;2019;12:30;1;75;75116;2;5;2;6;RUE DE LA TOUR;48,8628020;2,2763280
201900002031;26;11;2019;17:10;5;75;75116;2;4;1;6;RUE DES VIGNES;48,8571094;2,2734350
201900002032;25;11;2019;23:56;5;75;75116;2;2;1;3;ALLEE DE LONGCHAMP;48,8749229;2,2711067
201900002033;27;11;2019;09:30;1;75;75113;2;3;2;6;BOULEVARD VINCENT AURIOL;48,8347360;2,3669660
201900002034;22;11;2019;08:20;1;75;75113;2;3;1;6;RUE GUYTON DE MORVEAU;48,8253939;2,3470187
201900002035;27;11;2019;12:20;1;75;75112;2;2;2;6;RUE DES MARGUETTES;48,8439690;2,4083050
201900002036;27;11;2019;07:45;1;75;75111;2;2;1;6;RUE DU CHEMIN VERT;48,8580235;2,3716629
201900002037;27;11;2019;08:54;1;75;75108;2;7;2;7;PLACE DE LA CONCORDE;48,8662533;2,3212695
201900002038;26;11;2019;23:16;5;75;75107;2;7;2;5;PLACE JOFFRE;48,8538590;2,3047900
201900002039;27;11;2019;09:45;1;75;75104;2;2;2;7;RUE DE LA CITE;48,8556530;2,3483440
201900002040;26;11;2019;23:30;5;94;94046;2;1;2;6;GENERAL DE GAULLE (AV DU);48,8150000;2,4205000
201900002041;26;11;2019;13:00;1;94;94046;2;1;2;6;GENERAL LECLERC (AV DU);48,8126500;2,4283200
201900002042;26;11;2019;18:50;5;94;94041;2;4;1;3;AUGUSTE DESHAIES (QU);48,8185500;2,4003500
201900002043;27;11;2019;12:30;1;94;94054;2;9;2;3;GEORGES CLEMENCEAU (AV);48,7502120;2,3987050
201900002044;26;11;2019;18:00;3;93;93066;2;1;1;6;WILSON (AVENUE DU PRESIDENT);48,9080900;2,3586500
201900002045;27;11;2019;01:30;5;93;93032;2;1;2;6;PAUL VAILLANT COUTURIER (RUE);48,8756100;2,5504300
201900002046;27;11;2019;17:30;1;93;93048;2;1;2;4;PAUL DOUMER (RUE);48,8584960;2,4569840
201900002047;27;11;2019;08:20;1;93;93048;2;2;1;6;FRANKLIN (RUE);48,8623560;2,4437150
201900002048;27;11;2019;01:20;5;93;93048;2;7;3;6;JEAN JAURES (PLACE);48,8621100;2,4415100
201900002049;27;11;2019;08:35;1;93;93046;2;1;1;2;JULES GUESDES AVENUE;48,9109000;2,5115500
201900002050;22;11;2019;09:15;1;93;93007;2;1;1;6;8 MAI 45 (AVENUE DU 1 AU 182);48,9463900;2,4363700
201900002051;17;9;2019;13:50;1;92;92078;2;9;1;3;CHARLES DE GAULLE (BD) (1 AU 13);48,9425700;2,3189600
201900002052;27;11;2019;19:14;3;92;92040;2;1;1;3;PDT ROOSEVELT (QUAI DU);48,8333300;2,2640300
201900002053;27;11;2019;16:15;1;92;92012;2;2;2;3;GENERAL LECLERC (AVENUE DU) 35/FIN - 60/;48,8311200;2,2389200
201900002054;26;11;2019;16:00;1;92;92002;2;3;1;1;FRERES LUMIERES (AVENUE DES);48,7383100;2,3079100
201900002055;27;11;2019;17:00;5;1;01443;2;3;2;3;488 Rue de Dombes;46,0001420;5,0280580
201900002056;28;11;2019;07:50;2;33;33138;2;1;2;6;21 Rue Francois Mitterrand - Piétons traversent Est vers Ouest;45,0479600; -0,1196200
201900002057;27;11;2019;16:10;1;68;68076;2;4;2;7;8 Rue de la 5e Division Blindee;48,0922840;7,5010980
201900002058;25;11;2019;12:30;1;972;97227;2;1;8;1;D17;14,4682730; -60,9241590
201900002059;28;11;2019;06:30;3;60;60395;1;6;8;2;Rue Aristide Briand;49,2152968;2,1269912
201900002060;27;11;2019;10:30;1;74;74034;1;1;3;3;D902;46,2719160;6,6206200
201900002061;28;11;2019;17:50;3;41;41173;1;2;2;3;D50;47,9273620;1,4019620
201900002062;27;11;2019;18:15;5;30;30060;2;1;1;5;D42;43,7893200;4,3877620
201900002063;26;11;2019;08:10;2;56;56094;1;6;2;7;Chemin de Mané-kernours;47,7600750; -3,2836760
201900002064;28;11;2019;07:40;1;2B;2B096;2;2;1;6;7 Avenue Jean Nicoli;42,3064010;9,1565290
201900002065;11;10;2019;19:01;1;82;82149;1;3;1;3;Route de Mirabel;44,1244920;1,4541300
201900002066;28;11;2019;13:55;1;65;65127;1;4;1;5;D938;43,0966680;0,3307060