Num_Acc;jour;mois;an;hrmn;lum;dep;com;agg;int;atm;col;adr;lat;long
201900002067;27;11;2019;17:00;2;33;33394;1;1;3;1;Lieu Dit la Grace Dieu;44,9059700; -0,1736000
201900002068;27;11;2019;01:45;3;81;81272;1;1;3;6;D999;43,9208170;1,6126610
201900002069;27;11;2019;17:40;5;11;11426;2;1;1;6;66 Avenue du Minervois;43,2855690;2,4390260
201900002070;24;10;2019;10:10;1;34;34091;1;1;1;6;Route de Saint pierre;43,8511260;3,3552390
201900002071;27;11;2019;12:00;1;68;68075;1;1;1;7;Rue des Coteaux;47,5324190;7,3332350
201900002072;21;9;2019;21:21;5;29;29302;2;3;1;7;42 Rue de Brest;48,2561800; -4,0837060
201900002073;23;11;2019;17:25;2;29;29298;1;1;8;2;1076 Moulin de Bondivy;47,9133560; -4,3162860
201900002074;27;11;2019;11:05;1;31;31582;2;1;7;6;14 Avenue de la Fontasse;43,3963970;1,7184040
201900002075;20;11;2019;08:00;1;38;38454;2;1;1;6;Rue des Lavandes;45,1573600;5,3343900
201900002076;28;11;2019;06:00;3;70;70317;1;1;2;7;N/A;47,5358187;6,4048317
201900002077;27;11;2019;20:45;5;58;58281;2;1;2;6;40 Rue Saint Symphorien;47,3362820;3,0668350
201900002078;28;11;2019;15:50;1;14;14120;2;3;1;6;41 Route de 7 Vents;49,0668840; -0,7727100
201900002079;27;11;2019;11:20;1;36;36194;1;1;2;1;D943;46,9101670;1,3375030
201900002080;27;11;2019;22:00;5;7;07010;2;1;1;6;rue Font Chevalier;45,2449048;4,6629410
201900002081;28;11;2019;08:50;1;13;13040;1;1;2;2;A52;43,4735180;5,5653190
201900002082;28;11;2019;09:06;1;40;40278;1;1;1;1;D 44;44,1779840; -1,1302640
201900002083;28;11;2019;05:45;1;974;97422;2;1;1;3;Chemin Notre Dame de la Paix; -21,2217070;55,5604410
201900002084;27;11;2019;17:15;2;971;97112;1;1;1;2;Poisson;15,9262520; -61,3166100
201900002085;27;11;2019;15:45;1;971;97118;1;1;1;5;Route de la Traversee;16,2064640; -61,6315140
201900002086;25;11;2019;07:10;2;45;45277;1;1;1;7;D54 PR9 + 500;47,6978030;2,3896400
201900002087;27;9;2019;17:30;1;84;84055;2;1;1;1;Chemin des Contrebandiers;43,9448890;4,9295690
201900002088;28;11;2019;07:15;5;44;44035;1;6;2;6;8 Rue de l'Europe;47,2858270; -1,5494840
201900002089;27;11;2019;19:50;3;31;31165;1;3;1;1;32 Rue Frederic Chopin;43,4326560;1,3579580
201900002090;28;11;2019;12:20;1;64;64422;2;1;1;3;Route de Pau;43,1880614; -0,5892815
201900002091;24;11;2019;17:58;3;33;33238;1;1;1;1;Avenue de Cadaujac;44,7325700; -0,5813900
201900002092;27;11;2019;21:15;5;72;72154;2;1;1;3;Rue des Eturcies;47,7096510; -0,0960770
201900002093;28;11;2019;18:10;5;59;59177;2;1;2;6;Rue Charles Desquilbet;50,1497060;3,8740690
201900002094;27;11;2019;09:00;1;33;33162;1;1;1;3;ROCADE A 630;44,8776300; -0,6310000
201900002095;27;11;2019;08:45;1;91;91216;1;1;1;4;AUTOROUTE A6;48,6843400;2,3280600
201900002096;27;11;2019;07:30;3;91;91692;1;1;1;2;RN 118;48,6726100;2,1940300
201900002097;27;11;2019;05:40;3;91;91377;1;1;2;7;AUTOROUTE A10;48,7217000;2,2954000
201900002098;27;11;2019;08:45;1;78;78423;1;1;2;4;A12 W;48,7928900;2,0403800
201900002099;27;11;2019;08:10;1;78;78073;1;1;2;2;A12 W;48,8014400;2,0467280
201900002100;27;11;2019;01:35;5;92;92050;1;1;2;6;A14;48,9015853;2,2026299
201900002101;26;11;2019;08:10;1;92;92047;1;1;1;4;A13;48,8347306;2,1727920
201900002102;26;11;2019;09:30;1;93;93008;1;1;2;3;AUTOROUTE A86;48,9123200;2,4380400
201900002103;24;11;2019;20:00;5;77;77186;2;3;1;1;DENECOURT (RUE);48,4032160;2,6983680
201900002104;12;10;2019;02:15;5;77;77186;1;4;1;6;D142 X D606;48,4838540;2,6656620
201900002105;16;12;2019;07:30;5;38;38421;2;3;1;3;RUE DE LA PASSERELLE;45,1940600;5,7674900
201900002106;7;12;2019;05:40;3;7;07101;1;1;1;6;D 111;44,4114330;4,3005140
201900002107;31;12;2019;11:15;1;976;97611;2;4;1;3;mamoudzou centre-Jardin du collège(rue d; -12,7831260;45,2273280
201900002108;25;12;2019;19:00;5;974;97411;2;1;1;6;SAPENTS (ALLEE DES); -20,8950500;55,4622600
201900002109;20;12;2019;15:15;1;974;97411;2;1;1;1;DEBASSYNS (AVENUE); -20,8894413;55,4799324
201900002110;15;12;2019;13:30;1;974;97411;2;1;1;6;MONTAGNE (ROUTE DE LA); -20,8874000;55,4733700
201900002111;30;12;2019;20:10;5;66;66136;2;2;1;3;BISBAL LA;42,6687700;2,8924100
201900002112;29;12;2019;18:30;5;66;66136;2;1;1;6;LLUCIA (FRANCOIS-XAVIER ANTOINE);42,6972800;2,9009000
201900002113;29;12;2019;06:20;5;66;66136;2;1;1;6;AERODROME AVENUE DE L'(CD117);42,7220500;2,8850200
201900002114;29;12;2019;02:50;5;66;66136;2;1;1;1;FRANCE LIBRE (BOULEVARD DE LA);42,7024200;2,8919300
201900002115;28;12;2019;17:50;1;66;66136;2;1;1;2;ARGELES SUR MER AVENUE D';42,6787900;2,9120900
201900002116;31;12;2019;15:00;1;34;34172;2;9;1;3;CHASSEURS (RUE DES);43,6002500;3,8594600
201900002117;17;12;2019;18:05;5;34;34032;2;1;8;7;VOIE DOMITIENNE (AV DE LA);43,3474500;3,2438000
201900002118;31;12;2019;14:15;1;6;06069;2;1;1;7;SIDI BRAHIM (AVENUE);43,6478250;6,9398530
201900002119;28;12;2019;21:10;5;6;06004;2;1;1;3;SAINT CLAUDE CH.DE;43,5987390;7,1019520
201900002120;28;12;2019;05:20;5;6;06088;2;1;1;2;ANGLAIS (DU N° 114 AU N° 263);43,6903330;7,2445240
201900002121;27;12;2019;16:00;1;6;06088;2;1;1;2;SOLA (BD PIERRE);43,7073230;7,2861220
201900002122;27;12;2019;11:50;1;6;06069;2;1;1;6;NAPOLEON (ROUTE);43,6600940;6,9184370
201900002123;24;12;2019;13:45;1;6;06004;2;1;1;6;DUGOMMIER BD;43,5834320;7,1191390
201900002124;22;12;2019;20:30;5;6;06088;2;1;1;3;RAYBAUD JOSEPH;43,7236860;7,2871520
201900002125;21;12;2019;16:40;1;6;06088;2;1;1;6;FAURE (AV. FELIX);43,6984630;7,2742590
201900002126;20;12;2019;23:00;5;6;06069;2;1;8;6;ROUMIOUX (CHEMIN ET SENTIER DES);43,6367750;6,9398600
201900002127;19;12;2019;18:15;5;6;06088;2;1;1;5;CARABACEL (BD);43,7037080;7,2755650
201900002128;19;12;2019;13:15;1;6;06088;2;1;8;2;TURIN (RTE DE);43,7203540;7,2875850
201900002129;16;12;2019;17:25;5;6;06030;2;1;1;3;JEANPIERRE (AVENUE MAURICE);43,5723210;7,0063150
201900002130;14;12;2019;20:35;5;6;06088;2;1;1;4;GAMBETTA (A PARTIR DU N° 63-74);43,7063160;7,2560540
201900002131;14;12;2019;17:53;5;6;06088;2;7;1;6;BOUNIN (RUE PAUL);43,7197160;7,2622480
201900002132;13;12;2019;11:50;1;6;06088;2;3;1;6;CIMIEZ (BD) A PARTIR DU 16-17;43,7201600;7,2748900
201900002133;12;12;2019;15:00;1;6;06030;2;1;1;6;SADI CARNOT (BOULEVARD);43,5753800;7,0167700
201900002134;5;12;2019;12:50;1;6;06088;2;1;1;1;NAPOLEON III (BD);43,6834610;7,2234940
201900002135;4;12;2019;13:35;1;6;06088;2;1;1;1;MARTIN LUTHER KING (AV.);43,6744220;7,2042000
201900002136;3;12;2019;08:15;1;6;06088;2;9;1;6;BORRIGLIONE (A PARTIR DU N° 42-51);43,7153410;7,2614850
201900002137;2;12;2019;09:55;1;6;06088;2;3;1;3;BESSET (AV.) (A PARTIR DU N° 47);43,7169600;7,2555230
201900002138;15;6;2019;16:20;1;93;93010;2;9;1;7;VILLEMOMBLE (RTE DE) DE 22 A 130;48,8930850;2,4827490
201900002139;21;5;2019;11:20;1;6;06029;2;1;1;6;PETIT JUAS (TRAVERSE);43,5633800;7,0126100
201900002140;9;10;2019;08:55;1;2;02691;2;2;1;6;MARTIN (BD HENRI);49,8480000;3,2797600
201900002141;12;12;2019;19:04;5;62;62826;2;1;3;6;DALOZ (BOULEVARD);50,5210800;1,5866500
201900002142;20;12;2019;18:30;5;62;62626;1;2;1;1;ANNEQUIN ( ROUTE D' );50,4969400;2,7304740
201900002143;10;12;2019;05:30;3;62;62244;1;1;8;3;DEPARTEMENTALE 943;50,9263700;1,9038530
201900002144;8;12;2019;18:20;2;62;62040;2;1;2;6;MONTAND (AVENUE YVES);50,7325500;2,2764200
201900002145;16;11;2019;19:10;4;6;06088;2;1;1;6;MADELEINE (BD DE LA);43,7028700;7,2361200
201900002146;28;12;2019;22:05;5;60;60057;2;2;1;3;SAINT JEAN (BOULEVARD);49,4292600;2,0760900
201900002147;26;12;2019;18:00;5;76;76341;2;1;2;7;RESISTANCE (AVENUE DE LA);49,4984561;0,2291518
201900002148;24;12;2019;19:50;5;76;76351;2;2;1;3;PAUL CLAUDEL;49,5170100;0,1162700
201900002149;24;12;2019;10:10;1;76;76447;2;2;1;7;COMMUNE 1871 (DE LA);49,5455400;0,1882000
201900002150;19;12;2019;18:20;3;76;76384;2;1;2;7;HUGO VICTOR (RUE);49,5179800;0,5367100
201900002151;16;12;2019;13:25;1;76;76575;2;6;1;3;OREE DU ROUVRAY. RUE DE L';49,3920800;1,0870400
201900002152;6;12;2019;08:45;1;76;76351;2;4;2;2;GENERAL FERRIE (AVENUE);49,5034575;0,1795542
201900002153;15;12;2019;12:20;1;76;76305;2;1;1;7;ENTREPRISES (ROUTE DES);49,4825000;0,1987700
201900002154;3;12;2019;16:20;1;76;76447;2;1;1;6;PRESIDENT WILSON;49,5449526;0,1853192
201900002155;3;12;2019;11:05;1;76;76351;2;3;1;6;PAUL MARION;49,4847689;0,1334667
201900002156;26;11;2019;16:00;1;76;76351;2;1;1;6;AMIRAL MOUCHEZ (BD);49,4860800;0,1396300
201900002157;11;4;2019;06:11;3;38;38544;1;6;8;3;CD 41;45,5162400;4,9224800
201900002158;17;12;2019;19:00;2;59;59544;1;1;1;1;ROLEUR (RUE DU);50,3596100;3,5761000
201900002159;31;12;2019;13:20;1;83;83137;2;4;1;2;CLEMENCEAU (BD GEORGES);43,1227000;5,9391500
201900002160;28;12;2019;18:00;5;83;83137;2;1;1;1;VAL D'ARDENE (ROUTE DU);43,1592140;5,9180300
201900002161;28;12;2019;10:30;1;83;83062;2;1;7;6;BARBUSSE (AVENUE HENRI);43,1295700;6,0171700
201900002162;25;12;2019;18:18;4;83;83090;2;1;1;2;LAGOUBRAN (CHEMIN DE);43,1257700;5,8782200
201900002163;24;12;2019;15:15;1;83;83137;2;2;1;5;CARNOT (AVE LAZARE);43,1278500;5,9248000
201900002164;24;12;2019;11:05;1;83;83144;2;1;1;6;LAVOISIER (AVE / IMP);43,1381800;5,9980000
201900002165;23;12;2019;13:00;1;83;83137;2;1;1;6;BLACHE (PLACE NOEL);43,1223000;5,9000000
201900002166;20;9;2019;14:45;1;26;26281;2;1;1;2;RUE POUCHELON;45,0481770;5,0644050
201900002167;30;12;2019;13:17;1;988;98818;2;2;1;3; RUE DU GENERAL GALLIENI/ANATOLE FRANCE; -22,2745300;166,4441000
201900002168;18;11;2019;17:25;5;39;39198;2;9;1;6;EISENHOWER (AVENUE DU GENERAL);47,0995000;5,5066000
201900002169;24;12;2019;10:19;1;63;63019;2;3;1;6;NORD (RUE DU);45,7964500;3,1632500
201900002170;30;12;2019;09:00;1;43;43041;1;1;1;6;R.N 88;45,0551315;3,9095879
201900002171;21;12;2019;10:30;1;43;43157;2;1;1;6;CHANTEMESSE (BD DR.ANDRE)  (1-9);45,0491917;3,8772351
201900002172;11;9;2019;08:25;1;29;29019;2;1;8;3;41 KERVERN AUGUSTE;48,4023988; -4,4885748
201900002173;3;12;2019;08:15;1;69;69266;2;3;1;3;8 MAI 1945   (Rue du);45,7707900;4,8963100
201900002174;30;12;2019;13:23;1;49;49353;1;1;1;7;ANDARD ROUTE;47,4464600; -0,4556100
201900002175;29;12;2019;15:15;1;44;44109;2;6;1;3;PLACE PIRMIL;47,1981300; -1,5414100
201900002176;5;9;2019;11:10;1;29;29019;2;1;1;6;ROBESPIERRE (DE 33 A 107 ET 26 A 94);48,4093700; -4,4908400
201900002177;19;9;2019;22:41;5;29;29019;2;2;1;3;LOUPPE ALBERT (DE 71 A 95 ET 64 A 84);48,4024400; -4,4673800
201900002178;12;12;2019;07:30;3;14;14366;1;3;2;3;LIVAROT (CD579 ROUTE DE);49,1300722;0,2251714
201900002179;24;12;2019;18:00;5;14;14658;2;1;1;6;Place President Albert Lebrun;48,8460430; -1,0193640
201900002180;25;11;2019;15:30;1;42;42275;2;1;1;6;HOPITAL NORD;45,4809000;4,3647400
201900002181;17;12;2019;05:35;3;26;26252;1;3;1;6;PORT AVENUE DU;44,8776900;4,8740970
201900002182;15;7;2019;00:34;5;14;14333;2;4;1;7;MONTS (CHEMIN DES);49,4068060;0,2332790
201900002183;14;5;2019;18:30;2;90;90104;2;1;1;3;D13  Rue de Brebotte;47,6028550;6,9288500
201900002184;18;4;2019;16:35;1;69;69266;2;1;1;6;PAUL VERLAINE       (Rue);45,7668600;4,8802000
201900002185;13;12;2019;15:11;1;6;06069;2;1;1;6;LECLERC (BOULEVARD DU MARECHAL);43,6502790;6,9202440
201900002186;30;9;2019;20:46;5;6;06088;2;1;1;6;ANGLAIS (DU N° 45 AU N° 112);43,6696540;7,2223060
201900002187;15;9;2019;10:30;1;6;06088;2;4;1;3;CORNIGLION MOLINIER (BD);43,6652260;7,2029889
201900002188;5;9;2019;23:50;5;6;06083;2;3;1;3;GREVILLE (RUE HENRI);43,7763000;7,4975700
201900002189;16;8;2019;03:30;5;6;06088;2;1;1;1;CIMIEZ (BD) JUSQU'AU 14-15;43,7062930;7,2700480
201900002190;29;9;2019;02:00;5;6;06004;2;1;1;7;BIOT (CD.4) RTE DE;43,6149200;7,1193200
201900002191;6;7;2019;11:25;1;10;10245;2;1;1;7;grande rue;48,2560330;4,2075810
201900002192;29;9;2019;18:05;1;38;38012;2;3;1;3;396 Route de Saint-Genix;45,5906930;5,6135070
201900002193;2;4;2019;16:45;1;69;69256;2;1;1;3;GABRIEL PERI                        (AV);45,7737900;4,9144300
201900002194;27;3;2019;22:55;3;974;97409;1;1;2;7;RN2 DIRECTION ST BENT SORTIE PETIT BAZAR; -20,9443200;55,6493300
201900002195;15;7;2019;17:15;1;69;69266;2;2;1;3;ALEXIS PERRONCEL     (Rue);45,7761000;4,8842700
201900002196;24;6;2019;17:45;1;14;14726;1;3;2;3;D512;48,8408890; -0,8078300
201900002197;3;12;2019;07:30;2;3;03073;1;1;1;1;N/A;46,4743769;3,3160822
201900002198;14;10;2019;16:20;1;974;97416;1;1;1;4;RN2 (1); -21,3323200;55,4798300
201900002199;15;5;2019;22:10;5;69;69029;1;1;1;1;DOYEN JEAN LEPINE (DU)              (R );45,7458800;4,9060500
201900002200;5;8;2019;12:00;1;61;61215;1;1;1;3;Bon Amour;48,5187790;0,3707250
201900002201;3;9;2019;17:12;1;11;11262;2;3;1;6;TOURNAL (AVENUE PAUL);43,1837200;3,0142400
201900002202;20;7;2019;14:30;1;11;11069;2;1;1;6;LECLERC AV. DU GENERAL IMPAIRS A PARTIR;43,2096000;2,3669000
201900002203;20;6;2019;12:00;1;51;51454;2;2;1;3;BOULEVARD POMMERY;49,2533066;4,0541039
201900002204;30;12;2019;16:35;1;75;75107;2;7;1;6;PLACE JACQUES RUEFF;48,8564510;2,2982350
201900002205;23;1;2019;09:05;1;73;73213;1;1;4;6;Route d'Apremont;45,5536150;5,9542250
201900002206;10;4;2019;09:30;1;14;14726;1;3;2;3;LES GRIPPES (Burcy);48,8806430; -0,8043210
201900002207;9;10;2019;09:00;1;29;29151;1;1;2;7;RN12;48,5878286; -3,8083978
201900002208;7;9;2019;01:30;3;69;69228;1;1;1;6;D342;45,5770800;4,6514970
201900002209;6;5;2019;15:00;1;13;13059;1;4;1;4;D556;43,6310880;5,4880130
201900002210;22;12;2019;21:10;5;69;69383;2;1;8;6;FERNAND BUISSON (R);45,7527500;4,8978400
201900002211;10;12;2019;08:00;2;69;69152;1;1;1;5;A7  005.756  A  007.000;45,6980200;4,8367600
201900002212;15;10;2019;08:35;1;59;59566;1;1;1;3;AUTOROUTE A25;50,6210106;2,9718430
201900002213;17;1;2019;18:30;5;41;41018;2;3;1;3;FRANCE (AVENUE DE)  1;47,5934278;1,3138490
201900002214;30;7;2019;01:00;3;11;11069;1;1;1;6;RD 118;43,2279630;2,3731940
201900002215;27;10;2019;19:10;5;33;33080;1;3;1;6;RD1113 Avenue de Toulouse;44,7418000; -0,5407200
201900002216;16;2;2019;19:00;3;85;85236;1;2;1;3;La Bretonnière;46,6423000; -1,7343700
201900002217;11;4;2019;13:00;1;92;92078;2;9;1;6;ROGER MARTIN DU GARD (SQUARE);48,9365000;2,3269700
201900002218;31;10;2019;21:50;5;92;92024;2;1;1;3;ASNIERES (ROUTE D');48,9026731;2,2904248
201900002219;18;10;2019;11:15;1;92;92024;2;6;1;2;GENNEVILLIERS (PONT DE);48,9106385;2,3126413
201900002220;13;3;2019;12:20;1;92;92044;2;3;2;6;DANTON(RUE)125+ ET 134BIS+;48,8959160;2,2784722
201900002221;22;11;2019;11:00;1;971;97125;1;1;1;5;La Pointe des Châteaux;16,2535510; -61,2209060
201900002222;31;3;2019;23:55;3;90;90068;1;1;1;7;RD23;47,6010120;6,8895220
201900002223;4;9;2019;15:15;1;85;85047;1;1;1;1;route de Commequiers;46,8042300; -1,8384930
201900002224;12;8;2019;17:15;1;85;85234;2;1;1;6;Bd Maréchal de Latrre de Tassigny;46,7904070; -2,0632210
201900002225;21;6;2019;13:45;1;85;85047;2;2;1;1;RUE CALMETTE;46,8463060; -1,8747030
201900002226;14;5;2019;16:42;1;14;14437;1;1;7;2;MONTALIVET (COURS);49,1820900; -0,3220000
201900002227;11;12;2019;05:50;5;75;75119;2;7;3;6;PLACE AUGUSTE BARON;48,9002102;2,3872519
201900002228;24;12;2019;08:40;1;85;85191;2;1;8;6;33 BOULEVARD ARISTIDE BRIAND ;46,6720900; -1,4329600
201900002229;7;11;2019;15:10;1;75;75118;2;1;1;7;BD PERIPHERIQUE EXTERIEUR;48,9010760;2,3452730
201900002230;11;10;2019;17:50;1;45;45004;2;1;1;6;RUE PIERRE SEMARD;47,9895430;2,7484680
201900002231;25;4;2019;09:30;1;14;14327;2;1;1;7;Quartier de la Grande Delle;49,2049100; -0,3349600
201900002232;9;12;2019;06:05;5;75;75120;2;1;3;6;ECHANGEUR LILAS;48,8772360;2,4086320
201900002233;6;3;2019;17:15;1;33;33328;1;1;9;3;Rte de St Jacques de Compostelle;44,9389600; -0,2082100
201900002234;24;5;2019;10:50;1;43;43224;1;4;1;1;RD43;45,2332850;4,2175370
201900002235;15;11;2019;16:45;1;29;29039;2;6;1;3;maison blanche (rond point);47,8884300; -3,9187300
201900002236;7;12;2019;14:45;1;29;29019;1;6;1;7;ROND POINT DE KERESSEIS;48,3951000; -4,5383000
201900002237;6;4;2019;19:30;2;14;14383;2;1;1;6;PISTE CYCLABE  (RTE DU MESNIL);49,1620000; -0,4050000
201900002238;5;12;2019;21:00;5;92;92078;2;2;1;3;GALLIENI (BD) (1 A 79 ET 22 A 102);48,9253179;2,3262517
201900002239;9;11;2019;19:10;2;75;75118;2;4;1;6;BD PERIPHERIQUE EXTERIEUR;48,9008805;2,3660623
201900002240;4;12;2019;10:50;1;74;74159;1;1;8;1;Rue des Grottes de Balme;46,0387360;6,6126810
201900002241;2;12;2019;11:00;1;75;75114;2;1;1;3;BD PERIPHERIQUE INTERIEUR;48,8241010;2,3077610
201900002242;22;11;2019;07:50;2;35;35238;2;9;2;1;LIBERTE (BD DE LA);48,1074000; -1,6791000
201900002243;24;6;2019;08:25;1;93;93049;2;6;1;2;CHALET (ROND-POINT);48,8589000;2,5029700
201900002244;27;11;2019;19:05;5;43;43089;2;1;2;3;PUY (AVENUE DU);45,0451666;3,8727343
201900002245;9;12;2019;08:00;2;73;73137;2;3;2;6;D7 SAINT CASSIN (ROUTE DE);45,5575560;5,9064267
201900002246;21;12;2019;19:35;5;29;29003;2;1;6;7;64 Rue du 14 Juillet;48,0258970; -4,5466160
201900002247;27;7;2019;10:25;1;18;18027;2;8;1; -1;Avenue de la gare;47,0006059;2,7490067
201900002248;23;12;2019;18:00;5;73;73065;2;1;2;6;TURIN (AVENUE);45,5691798;5,9315425
201900002249;20;11;2019;18:23;5;92;92019;2;1;1;3;JAURES JEAN (RUE);48,7672200;2,2549000
201900002250;21;10;2019;07:35;5;50;50615;2;1;2;6;rue du chemin vert;49,5081240; -1,4872030
201900002251;3;10;2019;08:55;1;50;50602;2;3;1;6;LECLERC (RUE DU GENERAL);49,6397200; -1,6023400
201900002252;30;8;2019;15:10;1;50;50129;2;1;1;2;ABBAYE (RUE DE L');49,6463600; -1,6414500
201900002253;25;8;2019;14:50;1;50;50502;2;1;1;3;STRASBOURG (bld);49,0991100; -1,1119500
201900002254;11;11;2019;18:50;1;29;29019;2;2;1;3;DEUXIEME DB;48,3921200; -4,4831000
201900002255;1;7;2019;11:40;1;6;06077;1;1;7;6;164 Route de l'Authion;43,8820810;7,3594460
201900002256;13;12;2019;18:45;2;33;33334;2;1;3;6;RD1113 (32 Rte des Graves);44,6894500; -0,4211800
201900002257;23;8;2019;15:50;1;50;50147;1;1;1;1;ROCADE NORD;49,0692500; -1,4275300
201900002258;11;11;2019;19:30;3;33;33208;1;2;8;3;RD103 / RD102E2;45,3835070; -0,9561500
201900002259;6;4;2019;08:40;1;11;11170;1;1;1;6;null;43,1339790;3,1039670
201900002260;4;2;2019;21:00;5;66;66141;2;1;1;7;route de PERPIGNAN;42,7351450;2,9047750
201900002261;19;9;2019;19:15;1;78;78090;1;1;7;4;A13;48,9702300;1,9057100
201900002262;20;9;2019;21:00;3;95;95306;1;1;1;4;AUTOROUTE A15;48,9966900;2,1804100
201900002263;20;9;2019;16:00;1;93;93010;1;1;1;3;AUTOROUTE A3;48,9065500;2,4724900
201900002264;19;9;2019;22:30;4;95;95488;1;1;1;5;AUTOROUTE A15;49,0152400;2,1452700
201900002265;19;9;2019;11:30;1;93;93066;1;1;1;2;AUTOROUTE A1;48,9337900;2,3806900
201900002266;18;9;2019;16:17;1;91;91689;2;1;1;1;BERTHELOT (RUE MARCELIN);48,7375200;2,3160000
201900002267;26;8;2019;15:55;1;83;83050;2;3;1;6;ANCIENS COMBATTANTS A.F.N( AVENUE);43,5339300;6,4627300
201900002268;18;9;2019;07:40;1;82;82121;2;1;1;2;MONTAURIOL (bd);44,0113470;1,3624370
201900002269;18;9;2019;14:05;1;74;74012;2;3;8;6;ARVE (QUAI D');46,1853855;6,2257216
201900002270;10;8;2019;08:10;1;62;62528;2;1;1;6;CONDE (R);50,4549400;2,7895200
201900002271;17;6;2019;08:48;1;57;57751;2;1;1;6;THIONVILLE (AVENUE );49,1463900;6,1618700
201900002272;18;9;2019;08:30;1;50;50647;2;1;7;6;VILLEDIEU (ROUTE DE);48,8376500; -1,5502700
201900002273;19;9;2019;12:05;1;38;38185;2;1;1;6;PLACE VAUCANSON;45,1881000;5,7284000
201900002274;18;9;2019;13:40;1;34;34172;2;2;1;3;ASSAS (AVENUE D');43,6170800;3,8610500
201900002275;18;9;2019;16:45;1;27;27229;2;2;1;1;BRIAND (AVENUE ARISTIDE);49,0217070;1,1376350
201900002276;19;9;2019;18:13;1;17;17300;2;1;1;6;JOFFRE   BOULEVARD (79 et 18);46,1597800; -1,1413600
201900002277;18;9;2019;07:50;1;95;95582;1;1;1;3;AUTOROUTE A15;48,9678800;2,2524000
201900002278;17;9;2019;21:45;3;95;95678;1;1;1;2;RN 184;49,0693100;2,2199500
201900002279;19;9;2019;09:23;1;976;97611;2;1;1;3;kaweni-Europe (avenue); -12,7688871;45,2241898
201900002280;18;9;2019;19:05;5;974;97411;2;5;1;3;GAULLE (DU GENERAL DE); -20,8850000;55,4596000
201900002281;19;9;2019;15:15;1;973;97302;2;1;1;4;MONTABO (ROUTE DE) 2;4,9423419; -52,3052216
201900002282;18;9;2019;20:40;5;973;97302;2;9;1;3;FELIX EBOUE(ROCADE);4,9262656; -52,3211002
201900002283;19;9;2019;18:35;1;69;69387;2;3;1;3;CROIX BARRET (DE LA)                (R );45,7367000;4,8423600
201900002284;19;9;2019;16:55;1;69;69388;2;2;1;6;PAUL CAZENEUVE                      (R );45,7390200;4,8665200
201900002285;19;9;2019;10:30;1;69;69386;2;1;1;3;LAFAYETTE                           (CO);45,7636300;4,8420000
201900002286;19;9;2019;16:15;1;972;97213;2;3;1;6;NELSON MANDELA;14,6125650; -60,9967460
201900002287;19;9;2019;19:05;1;69;69389;2;3;1;3;PIERRE TERMIER                      (R );45,8024300;4,8375100
201900002288;19;9;2019;18:25;1;69;69034;2;1;1;6;SOLDATS (DES)                       (MO);45,7916400;4,8605300
201900002289;18;9;2019;19:55;5;2B;2B033;2;6;1;3;IMPERIALE - ROUTE;42,6659700;9,4394100
201900002290;18;9;2019;11:30;1;2B;2B037;2;1;1;2;TOUTES RUES;42,6220800;9,4369600
201900002291;19;9;2019;19:05;5;971;97103;2;3;1;3;FELIX EBOUE (BOULVARD G.GENERAL);16,2681377; -61,5860361
201900002292;19;9;2019;11:20;1;2A;2A004;2;1;1;2;ILES SANGUINAIRES ROUTE DES;41,9087800;8,7123700