Num_Acc;jour;mois;an;hrmn;lum;dep;com;agg;int;atm;col;adr;lat;long
201900002756;23;5;2019;02:20;4;93;93078;1;1;1;6;AUTOROUTE A104;48,9586000;2,5346000
201900002757;22;5;2019;23:30;5;93;93066;1;1;1;3;AUTOROUTE A1;48,9148200;2,3579700
201900002758;22;5;2019;17:00;1;93;93010;1;1;1;4;AUTOROUTE A3;48,9147300;2,4776200
201900002759;21;5;2019;13:00;1;93;93005;1;1;1;6;AUTOROUTE A104;48,9726620;2,4928987
201900002760;21;5;2019;10:00;1;60;60494;1;1;1;6;AUTOROUTE A1;49,1143800;2,5540600
201900002761;21;5;2019;06:15;2;93;93064;1;1;1;7;AUTOROUTE A86;48,8840300;2,4715400
201900002762;20;5;2019;20:30;1;93;93013;1;1;1;2;AUTOROUTE A1;48,9402300;2,4227700
201900002763;20;5;2019;17:10;1;93;93008;1;1;1;5;AUTOROUTE A86;48,9069200;2,4558300
201900002764;20;5;2019;14:15;1;93;93048;1;1;1;2;AUTOROUTE A86;48,8667000;2,4816300
201900002765;20;5;2019;11:30;1;93;93039;1;1;1;4;AUTOROUTE A86;48,9273000;2,3333700
201900002766;19;5;2019;22:10;3;93;93039;1;1;2;2;AUTOROUTE A86;48,9273000;2,3334000
201900002767;19;5;2019;18:50;1;93;93064;1;1;3;2;AUTOROUTE A103;48,8867000;2,4778300
201900002768;19;5;2019;14:10;1;93;93010;1;1;3;2;AUTOROUTE A3;48,9053700;2,4718300
201900002769;19;5;2019;12:30;1;93;93053;1;1;1;6;AUTOROUTE A103;48,8884800;2,4722200
201900002770;19;5;2019;11:00;1;93;93005;1;1;1;3;AUTOROUTE A104;48,9728870;2,4922690
201900002771;18;5;2019;17:20;1;93;93006;1;1;1;2;AUTOROUTE A3;48,8678400;2,4276300
201900002772;18;5;2019;18:00;1;93;93078;1;1;1;2;AUTOROUTE A104;48,9633581;2,5502835
201900002773;17;5;2019;21:20;3;93;93005;1;1;1;5;AUTOROUTE A1;48,9640900;2,4734500
201900002774;17;5;2019;15:15;1;93;93006;1;1;1;7;AUTOROUTE A3;48,8644000;2,4143300
201900002775;17;5;2019;07:30;1;93;93063;1;1;1;3;AUTOROUTE A3;48,8783500;2,4464800
201900002776;16;5;2019;16:40;1;93;93007;1;1;1;4;AUTOROUTE A3;48,9348300;2,4804800
201900002777;16;5;2019;17:30;1;93;93007;1;1;1;3;AUTOROUTE A1;48,9439900;2,4365800
201900002778;16;5;2019;13:45;1;93;93048;1;1;1;4;AUTOROUTE A3;48,8724500;2,4342000
201900002779;16;5;2019;10:50;1;95;95018;1;1;1;6;AUTOROUTE A15;48,9602900;2,2711500
201900002780;14;5;2019;19:00;1;93;93007;1;1;1;4;AUTOROUTE A3;48,9431600;2,4779200
201900002781;14;5;2019;14:15;1;95;95527;1;1;1;6;AUTOROUTE A1;48,9972600;2,5184900
201900002782;15;5;2019;17:20;1;93;93078;1;1;7;3;AUTOROUTE A104;48,9656700;2,5169700
201900002783;15;5;2019;12:35;1;60;60494;1;1;1;6;AUTOROUTE A1;49,1394200;2,5693400
201900002784;15;5;2019;10:10;1;93;93078;1;1;1;3;AUTOROUTE A104;48,9621400;2,5463200
201900002785;15;5;2019;09:45;1;93;93048;1;1;1;2;AUTOROUTE A86;48,8650700;2,4818000
201900002786;14;5;2019;21:50;3;95;95154;1;1;1;2;AUTOROUTE A1;49,0456900;2,5458800
201900002787;14;5;2019;18:15;1;93;93001;1;1;1;5;AUTOROUTE A86;48,9210800;2,3744600
201900002788;14;5;2019;17:45;1;95;95018;1;1;1;3;AUTOROUTE A15;48,9619400;2,2678800
201900002789;14;5;2019;17:45;1;93;93010;1;1;1;5;AUTOROUTE A3;48,8889400;2,4737400
201900002790;14;5;2019;09:20;1;95;95394;1;1;1;2;RN 184;49,0515100;2,1514000
201900002791;14;5;2019;08:50;1;93;93078;1;1;1;2;AUTOROUTE A104;48,9714700;2,4971400
201900002792;13;5;2019;15:50;1;93;93007;1;1;1;5;AUTOROUTE A1;48,9521100;2,4520600
201900002793;12;5;2019;19:50;1;93;93066;1;1;1;2;AUTOROUTE A1;48,9238600;2,3573400
201900002794;12;5;2019;17:50;1;95;95028;1;1;1;6;RN 104;49,0632700;2,3353400
201900002795;12;5;2019;16:10;1;93;93053;1;1;1;3;AUTOROUTE A86;48,8908900;2,4730800
201900002796;12;5;2019;15:45;1;93;93064;1;1;1;2;AUTOROUTE A86;48,8677100;2,4817700
201900002797;12;5;2019;05:40;2;93;93066;1;9;1;6;AUTOROUTE A1;48,9208900;2,3573500
201900002798;12;5;2019;04:30;3;95;95306;1;1;1;6;AUTOROUTE A15;49,0088300;2,1584100
201900002799;11;5;2019;19:00;1;93;93053;1;1;2;4;AUTOROUTE A3;48,8828100;2,4568500
201900002800;11;5;2019;14:15;1;95;95394;1;1;1;6;AUTOROUTE A115;49,0508100;2,1816600
201900002801;11;5;2019;06:45;2;95;95582;1;1;3;6;AUTOROUTE A15;48,9657200;2,2583700
201900002802;11;5;2019;09:00;1;93;93078;1;1;3;6;AUTOROUTE A104;48,9636200;2,5214100
201900002803;10;5;2019;07:35;1;95;95028;1;1;1;6;RN 104;49,0619700;2,3609900
201900002804;10;5;2019;14:50;1;93;93005;1;9;1;6;AUTOROUTE A3;48,9443300;2,4772800
201900002805;10;5;2019;17:20;1;93;93066;1;1;2;4;AUTOROUTE A1;48,9060900;2,3585700
201900002806;10;5;2019;13:25;1;95;95277;1;1;1;6;AUTOROUTE A104;48,9731900;2,4883600
201900002807;10;5;2019;14:45;1;93;93048;1;1;1;2;AUTOROUTE A86;48,8645900;2,4823700
201900002808;10;5;2019;13:00;1;93;93010;1;1;1;4;AUTOROUTE A3;48,9144100;2,4771900
201900002809;10;5;2019;05:40;5;93;93027;1;1;1;6;AUTOROUTE A86;48,9227400;2,3808100
201900002810;9;5;2019;16:50;1;93;93005;1;1;1;3;AUTOROUTE A3;48,9601700;2,4735100
201900002811;9;5;2019;11:30;1;93;93048;1;1;2;3;AUTOROUTE A86;48,8675800;2,4819000
201900002812;9;5;2019;07:50;1;93;93064;1;1;2;2;AUTOROUTE A86;48,8840100;2,4715600
201900002813;9;5;2019;09:00;1;93;93027;1;1;2;6;AUTOROUTE A86;48,9278500;2,4095700
201900002814;9;5;2019;09:25;1;93;93005;1;1;2;7;AUTOROUTE A3;48,9602400;2,4733100
201900002815;9;5;2019;08:50;1;95;95154;1;1;2;2;AUTOROUTE A1;49,0345500;2,5404800
201900002816;9;5;2019;08:00;1;93;93066;1;1;2;3;AUTOROUTE A1;48,9332200;2,3764400
201900002817;8;5;2019;12:45;1;93;93027;1;1;2;3;BDL;48,9287100;2,4030000
201900002818;9;5;2019;03:00;3;95;95277;1;1;2;6;AUTOROUTE A104;48,9715900;2,4838100
201900002819;8;5;2019;23:40;3;95;95527;1;1;2;5;AUTOROUTE A3;48,9862200;2,5079800
201900002820;9;5;2019;00:00;4;92;92036;1;9;1;5;AUTOROUTE A86;48,9387802;2,3073401
201900002821;8;5;2019;23:00;3;95;95018;1;1;2;6;RD 170;48,9614100;2,2607600
201900002822;8;5;2019;22:10;3;93;93027;1;1;2;6;AUTOROUTE A86;48,9286400;2,4149200
201900002823;8;5;2019;20:00;1;93;93027;1;1;2;5;AUTOROUTE A86;48,9286600;2,4147900
201900002824;8;5;2019;18:15;1;93;93078;1;1;1;3;AUTOROUTE A104;48,9665200;2,5145500
201900002825;8;5;2019;20:00;1;93;93027;1;1;2;6;AUTOROUTE A86;48,9285500;2,4159700
201900002826;8;5;2019;17:00;1;95;95488;1;1;1;6;AUTOROUTE A15;49,0275000;2,1292700
201900002827;8;5;2019;15:30;1;93;93013;1;1;2;3;AUTOROUTE A1;48,9399000;2,4215200
201900002828;8;5;2019;09:55;1;93;93053;1;1;2;6;AUTOROUTE A86;48,8996600;2,4692100
201900002829;8;5;2019;09:50;1;92;92078;1;1;2;6;AUTOROUTE A86;48,9292341;2,3295641
201900002830;8;5;2019;10:20;1;93;93027;1;1;2;6;AUTOROUTE A86;48,9265800;2,4031200
201900002831;8;5;2019;08:50;1;92;92036;1;1;2;6;AUTOROUTE A15;48,9370807;2,2921737
201900002832;7;5;2019;19:05;1;93;93078;1;1;1;1;AUTOROUTE A104;48,9651100;2,5543400
201900002833;7;5;2019;18:55;1;95;95127;1;1;1;7;AUTOROUTE A15;49,0435600;2,0767300
201900002834;7;5;2019;18:30;1;92;92036;1;1;1;2;AUTOROUTE A86;48,9383694;2,3000890
201900002835;7;5;2019;19:15;1;95;95351;1;1;1;3;RN 104;49,0321100;2,4920900
201900002836;7;5;2019;18:30;1;93;93027;1;1;1;2;AUTOROUTE A86;48,9226900;2,3808400
201900002837;7;5;2019;16:00;1;95;95582;1;1;1;2;AUTOROUTE A15;48,9715000;2,2487000
201900002838;6;5;2019;10:00;1;93;93007;1;1;1;3;AUTOROUTE A1;48,9462500;2,4415500
201900002839;6;5;2019;19:30;1;95;95306;1;1;1;2;AUTOROUTE A15;49,0073000;2,1617400
201900002840;6;5;2019;19:10;1;93;93078;1;1;1;5;AUTOROUTE A104;48,9666900;2,5130500
201900002841;6;5;2019;10:10;1;93;93064;1;9;1;4;AUTOROUTE A86;48,8694700;2,4824500
201900002842;6;5;2019;07:20;1;95;95607;1;1;1;6;AUTOROUTE A115;49,0312200;2,2005000
201900002843;5;5;2019;20:40;1;93;93053;1;1;1;4;AUTOROUTE A3;48,8958200;2,4707300
201900002844;5;5;2019;22:50;3;93;93078;1;1;1;2;AUTOROUTE A104;48,9601300;2,5399500
201900002845;5;5;2019;22:00;1;93;93029;1;1;1;6;AUTOROUTE A3;48,9259400;2,4234100
201900002846;5;5;2019;15:00;1;93;93007;1;1;1;2;AUTOROUTE A1;48,9457000;2,4402400
201900002847;4;5;2019;12:45;1;95;95277;1;1;1;6;AUTOROUTE A104;48,9731100;2,4852800
201900002848;5;5;2019;03:40;3;93;93007;1;1;1;5;AUTOROUTE A3;48,9431400;2,4779300
201900002849;5;5;2019;06:15;2;95;95527;1;1;1;6;AUTOROUTE A3;48,9824000;2,5023400
201900002850;4;5;2019;12:45;1;92;92036;1;1;2;3;AUTOROUTE A86;48,9369731;2,3180434
201900002851;4;5;2019;21:55;4;93;93010;1;1;1;3;AUTOROUTE A3;48,8911300;2,4733800
201900002852;4;5;2019;16:25;1;95;95572;1;1;3;6;AUTOROUTE A15;49,0319900;2,1071700
201900002853;3;5;2019;22:04;3;95;95488;1;1;1;6;AUTOROUTE A15;49,0118600;2,1517100
201900002854;2;5;2019;17:20;1;92;92036;1;1;2;5;AUTOROUTE A15;48,9419236;2,2908630
201900002855;2;5;2019;18:10;1;92;92036;1;1;1;7;AUTOROUTE A15;48,9383981;2,2942127
201900002856;2;5;2019;13:00;1;60;60631;1;1;1;6;AUTOROUTE A1;49,1561000;2,5904400
201900002857;2;5;2019;13:00;1;95;95641;1;1;1;6;AUTOROUTE A1;49,0740500;2,5519500
201900002858;2;5;2019;07:15;1;93;93013;1;1;1;4;AUTOROUTE A1;48,9403000;2,4229000
201900002859;1;5;2019;19:45;1;95;95394;1;1;1;3;RN 184;49,0505200;2,1902500
201900002860;1;5;2019;14:00;1;93;93001;1;1;1;6;AUTOROUTE A86;48,9216100;2,3770800
201900002861;30;4;2019;18:00;1;93;93007;1;1;1;2;AUTOROUTE A3;48,9330500;2,4807500
201900002862;30;4;2019;17:00;1;95;95678;1;1;1;3;RN 184;49,0601700;2,2114800
201900002863;30;4;2019;09:15;1;92;92078;1;1;1;4;AUTOROUTE A86;48,9273411;2,3333828
201900002864;29;4;2019;17:45;1;95;95252;1;1;1;2;AUTOROUTE A115;48,9839200;2,2406800
201900002865;29;4;2019;13:00;1;93;93064;1;1;1;4;AUTOROUTE A86;48,8812500;2,4748500
201900002866;29;4;2019;07:30;1;95;95306;1;1;1;2;AUTOROUTE A15;49,0038900;2,1681800
201900002867;29;4;2019;08:30;1;93;93064;1;1;1;6;AUTOROUTE A103;48,8866900;2,4760300
201900002868;27;4;2019;23:20;3;95;95424;1;1;2;2;AUTOROUTE A15;48,9905000;2,1955000
201900002869;28;4;2019;00:20;5;93;93066;1;1;2;2;AUTOROUTE A1;48,9193700;2,3575400
201900002870;27;4;2019;22:40;3;95;95277;1;1;2;3;RD 170 ;48,9773000;2,4728000
201900002871;28;5;2019;08:30;1;94;94073;1;1;1;4;A86 INT;48,7598000;2,3831000
201900002872;28;5;2019;06:50;1;94;94028;1;1;1;2;A86 EXT;48,7834000;2,4402000
201900002873;27;5;2019;20:15;1;77;77249;1;1;1;2;RN104;48,7448437;2,6132618
201900002874;27;5;2019;15:30;1;94;94069;1;1;1;6;A86 INT;48,8207600;2,4234500
201900002875;26;5;2019;02:00;3;77;77294;1;1;1;2;A104;48,9601400;2,6206200
201900002876;24;5;2019;21:25;2;77;77181;1;1;1;2;A4;48,8307778;2,6904394
201900002877;24;5;2019;17:10;1;93;93051;1;1;1;6;A4;48,8351600;2,5708700
201900002878;24;5;2019;16:30;1;94;94073;1;1;1;2;A86 INT;48,7704951;2,3833269
201900002879;24;5;2019;15:55;1;75;75112;1;1;1;3;A4;48,8261010;2,4654600
201900002880;24;5;2019;14:30;1;94;94018;1;1;1;3;A4;48,8214000;2,4120000
201900002881;24;5;2019;10:15;1;94;94052;1;1;1;2;A86 INT;48,8451048;2,4920793
201900002882;24;5;2019;05:00;3;93;93051;1;1;1;3;A4;48,8356830;2,5644820
201900002883;23;5;2019;17:50;1;94;94018;1;1;1;3;A4;48,8184600;2,4090800
201900002884;22;5;2019;23:30;4;94;94042;1;1;1;4;A4;48,8290000;2,4698000
201900002885;22;5;2019;10:15;1;94;94018;1;1;1;4;A4;48,8202000;2,4027000
201900002886;21;5;2019;14:20;1;77;77058;1;1;1;3;A4;48,8288500;2,7266200
201900002887;21;5;2019;12:15;1;94;94022;1;1;1;2;A4;48,7762300;2,4263500
201900002888;20;5;2019;18:10;1;75;75112;1;1;1;3;A4;48,8194574;2,4589716
201900002889;19;5;2019;12:45;1;77;77514;1;1;1;2;A104;48,9520100;2,6286300
201900002890;17;5;2019;16:35;1;77;77514;1;1;1;2;A104;48,9415900;2,6282500
201900002891;17;5;2019;17:05;1;77;77294;1;1;1;6;A104;48,9631840;2,6132410
201900002892;24;10;2019;10:00;1;78;78415;2;1;1;1;Route de Mareil;48,8833570;1,8597400
201900002893;23;10;2019;17:45;1;21;21699;1;1;1;1;D905;47,2013510;5,3473620
201900002894;24;10;2019;17:30;1;42;42147;2;8;7;5;4 Avenue Louis Lepine;45,6188960;4,0674620
201900002895;23;10;2019;19:20;5;38;38377;2;9;3;6;Avenue de Savoie;45,5735570;5,4780070
201900002896;23;10;2019;14:45;1;9;09109;1;1;1;7;RD 14;43,2026040;1,4812700
201900002897;10;10;2019;15:30;1;33;33436;1;2;1;3;D651 / RD110E6;44,5214570; -0,6268500
201900002898;23;10;2019;17:58;1;49;49301;1;2;1;6;D146;47,1374870; -1,0456560
201900002899;25;7;2019;18:30;1;29;29103;2;4;1;3;Rue Hervé de Guébriant;48,4474450; -4,2700320
201900002900;1;9;2019;18:45;1;35;35076;1;1;1;5;Le Pâtis des Friches;48,0606990; -1,7743460
201900002901;23;10;2019;22:00;3;60;60695;1;6;1;3;D924;49,1981365;2,5113111
201900002902;24;10;2019;08:00;2;60;60090;1;1;1;1;D53;49,1692465;1,8845686
201900002903;5;8;2019;13:00;1;80;80288;1;1;1;4;Rue Marie Anne;49,8835300;2,8378700
201900002904;24;10;2019;16:45;2;59;59435;1;2;1;3;CD 549 / CD 127;50,5004259;3,2451595
201900002905;22;10;2019;19:35;5;59;59249;1;3;1;3;intersection D20 - D42;49,9993610;4,0378450
201900002906;15;10;2019;13:10;1;38;38087;1;1;2;2;A7   20.110 A 22.950;45,5743500;4,8054600
201900002907;20;10;2019;20:35;3;42;42044;1;1;2;2;RN88;45,3935440;4,3257590
201900002908;20;10;2019;07:00;3;67;67482;1;1;2;7;Autoroute A.35;48,5882800;7,7286500
201900002909;21;10;2019;18:10;2;67;67482;1;1;2;4;Autoroute A.35;48,5912154;7,7348325
201900002910;23;10;2019;20:40;5;33;33143;1;1;3;4;AUTOROUTE A 10;44,9569500; -0,4502100
201900002911;23;10;2019;20:40;5;33;33143;1;1;3;6;AUTOROUTE A 10;44,9570200; -0,4503900
201900002912;23;10;2019;18:30;1;91;91064;1;1;2;4;RN 118;48,7488600;2,2150600
201900002913;23;10;2019;08:15;3;92;92002;1;1;2;3;AUTOROUTE A86;48,7614695;2,2972064
201900002914;21;10;2019;22:32;3;94;94021;1;1;1;5;AUTOROUTE A6B;48,7687000;2,3441000
201900002915;22;10;2019;19:45;2;95;95641;1;1;1;2;AUTOROUTE A1;49,0757800;2,5520700
201900002916;22;10;2019;18:30;1;93;93053;1;1;1;5;AUTOROUTE A3;48,8808900;2,4528600
201900002917;22;10;2019;18:50;2;93;93064;1;1;1;3;AUTOROUTE A86;48,8767700;2,4776600
201900002918;22;10;2019;09:15;1;95;95582;1;1;5;5;AUTOROUTE A15;48,9707000;2,2490700
201900002919;22;10;2019;07:50;2;93;93013;1;1;5;3;AUTOROUTE A1;48,9424000;2,4311700
201900002920;23;10;2019;19:50;3;94;94028;1;1;1;5;A86 INT;48,7700000;2,4400000
201900002921;23;10;2019;20:00;5;94;94017;1;1;1;3;A4;48,8291000;2,5001300
201900002922;11;5;2019;10:45;1;33;33321;1;1;1;6;A10;45,0539200; -0,4538900
201900002923;9;5;2019;01:00;3;33;33348;1;1;1;7;N/A;45,3601900; -0,9943700
201900002924;20;10;2019;06:50;5;69;69264;2;1;1;6;JAQUEMAIRE LEON (R);45,9942000;4,7441500
201900002925;21;10;2019;07:40;2;69;69013;1;1;1;4;D 306;46,0178000;4,7204000
201900002926;17;10;2019;14:55;1;41;41018;2;1;1;2;MAUNOURY (AVENUE DE MARECHAL);47,6006800;1,3467700
201900002927;19;10;2019;19:10;1;22;22215;1;1;1;7;RD 712;48,4977400; -2,7709900
201900002928;20;10;2019;14:20;1;10;10357;2;1;3;7;GENERAL DE GAULLE (RUE DU);48,2960500;4,1322400
201900002929;19;10;2019;23:20;5;93;93055;2;9;2;3;JEAN JAURES (AVENUE) (76/128);48,9035600;2,3921300
201900002930;21;10;2019;20:30;5;92;92049;2;2;1;3;PERI RUE GABRIEL AUTRES N°/  REPUBLIQUE AVENUE DE LA N°1 A 79;48,8185095;2,3196199
201900002931;14;7;2019;01:00;4;987;98740;2;1;1;6;village de AVATORU; -15,8484720; -148,2511790
201900002932;22;10;2019;07:20;1;976;97611;2;1;1;2;kaweni-Mangrove ( rue de la ); -12,7758700;45,2258400
201900002933;22;10;2019;10:30;1;69;69383;2;1;2;6;GAMBETTA                            (CO);45,7558600;4,8412400
201900002934;22;10;2019;15:00;1;69;69034;2;1;8;6;PASTEUR                             (R );45,7905100;4,8420100
201900002935;22;10;2019;16:30;1;2A;2A004;2;6;1;2;MEZZAVIA ROUTE DE;41,9452500;8,7585700
201900002936;22;10;2019;10:50;1;2A;2A004;2;4;1;6;NAPOLEON COURS AVANT BEVERINI;41,9259105;8,7382253
201900002937;22;10;2019;22:25;5;91;91589;2;6;1;3;OUZILLO (AVENUE HENRI);48,6732900;2,3403100
201900002938;19;10;2019;17:50;1;91;91377;2;3;1;3;DE LATTRE DE TASSIGNY (AVENUE DU MARECHA;48,7230400;2,2870700
201900002939;22;10;2019;20:20;5;91;91687;2;2;1;2;GENERAL DE GAULLE (AVENUE DU);48,6760000;2,3854000
201900002940;22;10;2019;07:45;5;91;91347;2;1;5;7;MONTLHERY (ROUTE DE);48,6346700;2,2887300
201900002941;11;10;2019;07:10;2;84;84007;2;1;1;6;BOCCACE (avenue);43,9493100;4,8295300
201900002942;22;10;2019;18:20;4;81;81163;2;1;3;6;BARBEY (EDOUARD);43,4903997;2,3752988
201900002943;16;8;2019;09:58;1;35;35085;1;1;1;1;pk 13 - RD82;48,3756590; -1,7264100
201900002944;14;8;2019;16:45;1;84;84029;1;2;1;3;D43;44,1649790;4,8579220
201900002945;16;8;2019;14:55;1;63;63248;1;1;1;7;D942;45,7342307;2,9292709
201900002946;15;8;2019;08:30;1;52;52258;1;1;8;2;A5 - PK 190+380;48,0890730;4,8410310
201900002947;12;8;2019;13:10;1;21;21298;1;1;1;6;A6 PK 253+600 sens LYON vers PARIS;47,3274980;4,4841500
201900002948;18;10;2019;21:00;5;80;80256;1;1;1;3;N/A;49,9164500;2,2254400
201900002949;14;8;2019;09:00;1;6;06026;1;1;1;6;Boulevard des 5 Communes/Boulevard Jean Marais;43,6487643;6,8776448
201900002950;14;8;2019;18:11;1;51;51544;1;1;8;1;RD 977;49,2863066;4,5525896
201900002951;22;10;2019;07:25;3;74;74118;1;1;8;4;REIGNIER (ROUTE DE);46,1771700;6,2350900
201900002952;17;8;2019;02:00;3;58;58086;1;1;1;7;Route des Carrières;47,4297710;2,9756140
201900002953;16;8;2019;13:45;1;62;62408;1;1;1;6;route de guines;50,8861000;1,8766070
201900002954;2;9;2019;23:18;5;73;73008;2;6;1;6;GENEVE RUE DE;45,6918263;5,9124376
201900002955;21;10;2019;23:40;5;72;72181;2;1;1;6;ESTIENNE D'ORVES (BD D');47,9817800;0,1893300
201900002956;21;10;2019;22:15;5;71;71270;2;1;1;3;GAULLE (AVENUE DU GENERAL DE);46,3312600;4,8428400
201900002957;21;10;2019;16:45;1;71;71153;2;1;1;5;MONTCENIS (ROUTE DE);46,8033700;4,4131100
201900002958;13;8;2019;18:10;1;84;84091;1;3;1;3;Le Crepon Sud;44,1638700;4,7751380
201900002959;22;10;2019;17:25;2;69;69275;2;3;8;6;JEAN JAURES                         (AV);45,7709500;4,9627400
201900002960;16;8;2019;18:35;1;62;62571;1;1;1;3;Route de Berck;50,4350510;1,6093290
201900002961;22;10;2019;09:35;1;69;69266;2;1;8;6;ROGER SALENGRO     (Avenue);45,7785600;4,8798600
201900002962;15;8;2019;17:00;1;79;79150;1;2;1;3;RD 948;46,1400890;0,1969390
201900002963;22;10;2019;07:50;2;69;69264;2;3;2;3;GRANGE BLAZET;45,9806100;4,7188700
201900002964;13;8;2019;10:10;1;85;85109;2;1;1;1;Route de la Goriandière;46,8746600; -0,9969400
201900002965;21;10;2019;09:00;1;67;67482;2;3;2;6;TILLEULS (RUE DES);48,6080400;7,7818800
201900002966;16;8;2019;01:35;5;67;67405;2;1;1;6;37 rue principale;48,8296440;8,0379860
201900002967;21;10;2019;07:50;2;67;67482;2;1;2;6;COLMAR (AVENUE DE);48,5612600;7,7515400
201900002968;14;8;2019;10:15;1;71;71054;1;2;1;3;Intersection RD 5 / RD 171;46,9210390;5,0223080
201900002969;21;10;2019;17:30;1;66;66136;2;1;1;5;R D 900;42,6784600;2,8717900
201900002970;16;8;2019;10:45;1;2B;2B009;2;1;1;6;310 Avenue Saint-Alexandre Sauli;42,1157640;9,5132720
201900002971;19;10;2019;18:00;1;66;66136;2;1;1;4;Départementale 914;42,6720100;2,8920000
201900002972;14;8;2019;18:55;1;62;62870;1;2;3;3;D303;50,4241330;1,7166180
201900002973;19;10;2019;17:00;1;66;66136;2;1;1;6;64 Av Panchot;42,6917100;2,8829800
201900002974;15;8;2019;18:45;1;83;83018;1;1;1;6;D2013;43,3484080;6,1762710
201900002975;16;6;2019;16:35;1;68;68044;1;1;1;7;route departementale 148;48,1827030;7,0911980
201900002976;21;10;2019;17:00;1;64;64122;2;1;1;2;ESPAGNE (RUE D');43,4765900; -1,5651900
201900002977;15;8;2019;16:45;1;57;57089;1;1;1;7;RD662;49,0331140;7,4771380
201900002978;13;8;2019;17:48;1;19;19225;1;1;1;7;Route de Saint-Privat;45,2301270;2,0946600
201900002979;16;8;2019;15:25;1;56;56200;1;1;1;7;Botrel;47,8380760; -2,3085030
201900002980;10;6;2019;11:35;1;68;68023;1;3;2;3;D3;48,1611140;7,3411650
201900002981;13;8;2019;14:50;1;56;56234;2;2;1;1;Rue Georges Clemenceau;47,5204510; -3,1355320
201900002982;22;10;2019;09:15;1;64;64102;2;1;8;7;D'ARROUSETS (RUE);43,4934599; -1,4503472
201900002983;9;6;2019;14:00;1;68;68249;1;1;1;7;CD11.6 - PK 4.900;48,0822060;7,1620100
201900002984;22;10;2019;11:40;1;60;60057;2;1;1;6;GASCOGNE (RUE DE);49,4359700;2,0964300
201900002985;15;8;2019;16:40;1;56;56231;1;1;1;5;Lieu-dit Kerboulard;47,6958900; -2,6336900
201900002986;4;6;2019;10:20;1;68;68155;1;1;1;7;D10;48,1138990;7,3054330
201900002987;13;8;2019;18:49;2;59;59089;1;1;1;7;1382 route de volckerinckhoe;50,8584960;2,3175910
201900002988;22;10;2019;11:10;1;59;59350;2;9;1;3;DEFRENNE ADOLPHE RUE;50,6495500;2,9866700
201900002989;31;5;2019;06:30;1;68;68005;1;1;1;7;rd10;48,1181820;7,3064410
201900002990;14;8;2019;19:00;1;67;67066;1;1;1;6;axe 1420 entre ROTHAU et DEVANT FOUDAY;48,4431059;7,1876163
201900002991;16;8;2019;16:55;1;76;76367;1;1;1;6;D121;49,5045990;1,0996010
201900002992;8;6;2019;13:55;1;68;68019;1;3;1;1;CD 468;48,0959810;7,5334860
201900002993;21;10;2019;15:00;1;59;59239;1;2;8;3;RD 938;50,4275700;3,1554100
201900002994;13;8;2019;14:40;1;79;79213;2;1;1;3;31 avenue de lauzon;46,6096020; -0,2355090
201900002995;19;6;2019;11:15;1;10;10350;2;1;1;1;Rue Charles Petit;48,1743950;3,7986180
201900002996;22;10;2019;17:50;1;59;59431;1;9;1;3;HOUCKE (AVENUE JULES);50,6833000;2,8408100
201900002997;31;7;2019;01:00;3;79;79340;1;1;1;6;La Fonzille;46,5321740; -0,1141680
201900002998;7;6;2019;16:50;1;10;10003;2;3;1;6;Avenue Georges Clemenceau (Aix-en-Othe);48,2211480;3,7273790
201900002999;13;8;2019;18:00;1;79;79168;1;2;1;2;N/A;47,0028840; -0,3367150